{"type":"FeatureCollection","features":[{"type":"Feature","properties":{"n":"Afghanistan","p":3},"geometry":{"type":"MultiPolygon","coordinates":[[[[61.2241,35.5797],[62.6643,35.2672],[63.1323,35.788],[64.5365,36.3435],[64.8245,37.142],[65.7246,37.4892],[67.5248,37.2115],[67.8488,36.8469],[70.009,37.4545],[70.7291,38.3572],[71.4491,37.8364],[71.8452,36.708],[73.0333,37.333],[74.7255,37.2115],[74.5095,37.0031],[72.3852,36.7254],[71.3411,36.0484],[71.6652,35.1283],[70.8011,33.9305],[69.865,33.9478],[70.297,33.2882],[69.505,32.941],[69.2169,31.7953],[68.2448,31.7605],[66.4806,30.8405],[66.0846,29.7295],[64.1044,29.3996],[62.3762,29.3823],[60.8281,29.8336],[61.7642,30.9099],[60.7921,31.5869],[60.432,34.0694],[61.2241,35.5797]]]]}},{"type":"Feature","properties":{"n":"Albania","p":3},"geometry":{"type":"MultiPolygon","coordinates":[[[[19.3519,41.8465],[19.568,42.5409],[20.5761,41.9333],[21.0441,40.7355],[20.108,39.555],[19.3519,40.2668],[19.3519,41.8465]]]]}},{"type":"Feature","properties":{"n":"Algeria (France)","p":3,"s":"France"},"geometry":{"type":"MultiPolygon","coordinates":[[[[-8.6229,27.1776],[-8.6589,27.5595],[-8.5869,28.6358],[-7.1827,29.4691],[-6.4266,29.4691],[-3.7264,30.8926],[-3.7624,31.5522],[-2.8263,31.9862],[-1.2421,31.9862],[-1.6742,33.2535],[-1.7462,34.6075],[-2.1782,35.0589],[-0.09,35.7359],[1.0621,36.465],[5.1305,36.6733],[6.3186,37.0899],[8.6229,36.8816],[8.2628,36.3261],[8.2988,34.7638],[7.5788,34.0346],[7.8308,33.0625],[9.0189,31.8994],[9.559,30.2155],[9.847,26.4311],[9.3789,26.0319],[10.423,24.4],[11.4311,24.2612],[11.9712,23.48],[7.5428,20.9108],[5.7786,19.4525],[3.2223,18.9491],[3.0783,19.9039],[1.8542,20.1643],[1.0981,21.1364],[-5.4905,25.4069],[-8.6229,27.1776]]]]}},{"type":"Feature","properties":{"n":"American Samoa","p":3},"geometry":{"type":"MultiPolygon","coordinates":[[[[-170.5671,-14.2946],[-170.5671,-14.2946],[-170.5671,-14.2946],[-170.5671,-14.2946]]],[[[-170.7471,-14.3814],[-170.7471,-14.3814],[-170.7471,-14.3814],[-170.7471,-14.3814]]],[[[-169.523,-14.2772],[-169.523,-14.2772],[-169.523,-14.2772],[-169.523,-14.2772]]],[[[-169.631,-14.1904],[-169.631,-14.1904],[-169.631,-14.1904],[-169.631,-14.1904]]],[[[-169.703,-14.1904],[-169.703,-14.1904],[-169.703,-14.1904],[-169.703,-14.1904]]]]}},{"type":"Feature","properties":{"n":"Andorra","p":3},"geometry":{"type":"MultiPolygon","coordinates":[[[[1.7102,42.5062],[1.7102,42.5062],[1.4581,42.6103],[1.4941,42.645],[1.7102,42.5062]]]]}},{"type":"Feature","properties":{"n":"Angola (Portugal)","p":3,"s":"Portugal"},"geometry":{"type":"MultiPolygon","coordinates":[[[[13.0153,-4.7642],[12.1872,-5.7537],[12.0072,-5.0072],[13.0153,-4.7642]]],[[[23.9244,-11.0483],[24.1044,-12.385],[23.7804,-13.01],[21.9442,-13.0794],[21.9802,-16.3778],[23.2403,-17.6624],[21.4761,-18.0269],[19.0639,-17.888],[18.2718,-17.4714],[14.0594,-17.4541],[13.3753,-17.0201],[11.7912,-17.3325],[12.5833,-13.4613],[13.8074,-11.6559],[13.1953,-9.6422],[13.3753,-8.1493],[12.3312,-6.1876],[14.0594,-5.9273],[16.5437,-6.014],[17.5878,-8.1146],[19.3159,-8.0451],[19.532,-7.0383],[21.6202,-7.3334],[21.6922,-9.4165],[22.2682,-11.1525],[23.9244,-11.0483]]]]}},{"type":"Feature","properties":{"n":"Anguilla","p":3},"geometry":{"type":"MultiPolygon","coordinates":[[[[-63.1683,18.1679],[-63.1683,18.1679],[-63.1683,18.1679],[-63.1683,18.1679]]]]}},{"type":"Feature","properties":{"n":"Antigua and Barbuda","p":3},"geometry":{"type":"MultiPolygon","coordinates":[[[[-61.6922,17.0222],[-61.6922,17.0222],[-61.6922,17.0222],[-61.6922,17.0222]]],[[[-61.7282,17.6124],[-61.7282,17.6124],[-61.7282,17.6124],[-61.7282,17.6124]]]]}},{"type":"Feature","properties":{"n":"Argentina","p":3},"geometry":{"type":"MultiPolygon","coordinates":[[[[-68.7129,-53.2323],[-68.7129,-52.7115],[-68.7129,-53.2323],[-68.7129,-53.2323]]],[[[-68.4608,-52.4164],[-69.577,-52.1386],[-71.8092,-52.0865],[-72.3492,-50.6978],[-73.1413,-50.854],[-73.5014,-49.7603],[-72.4572,-48.8576],[-72.3852,-47.573],[-71.7012,-46.6877],[-71.0531,-44.6566],[-71.7732,-44.1011],[-72.0972,-42.504],[-71.7012,-42.1568],[-71.8452,-40.7507],[-71.3771,-39.0321],[-70.8371,-38.7196],[-71.0891,-36.8101],[-70.405,-36.1677],[-70.477,-35.3518],[-69.829,-33.7548],[-70.5131,-31.689],[-69.865,-30.3523],[-69.937,-29.3628],[-68.8209,-27.2623],[-68.3168,-27.2275],[-68.5689,-25.4395],[-68.3888,-24.6062],[-67.2727,-24.0854],[-67.2007,-22.9918],[-66.1566,-21.9155],[-64.7525,-22.1585],[-64.2484,-22.8703],[-63.7804,-22.0717],[-62.5923,-22.1585],[-61.2241,-23.6167],[-57.6958,-25.3353],[-58.6679,-27.2275],[-55.7156,-27.4532],[-54.8155,-26.5505],[-54.5635,-25.752],[-53.9514,-25.6652],[-53.7354,-27.2102],[-54.7435,-27.6962],[-57.5878,-30.4043],[-58.1278,-32.1403],[-58.3438,-34.2235],[-58.5239,-34.588],[-57.2277,-35.4386],[-57.4077,-35.9942],[-56.6877,-36.9489],[-57.8038,-38.3898],[-59.532,-38.8759],[-62.3042,-38.8759],[-62.2682,-40.8028],[-63.8524,-41.15],[-64.9325,-40.8201],[-65.0045,-42.1915],[-63.7444,-42.1047],[-63.6004,-42.7123],[-65.2925,-43.5977],[-65.4365,-44.8823],[-66.4086,-45.0212],[-67.4887,-45.9239],[-67.3447,-46.5315],[-65.7606,-47.2258],[-66.0846,-48.1459],[-67.5608,-49.066],[-67.8488,-49.9687],[-69.0369,-50.5589],[-69.0729,-51.4963],[-68.4608,-52.4164]]],[[[-68.7129,-53.2323],[-66.4086,-54.6037],[-65.2565,-54.7252],[-66.6247,-55.0724],[-68.7489,-54.8814],[-68.7129,-53.2323]]]]}},{"type":"Feature","properties":{"n":"Armenia","p":3,"s":"USSR"},"geometry":{"type":"MultiPolygon","coordinates":[[[[45.4185,39.0342],[45.0585,37.9058],[44.1944,37.8711],[41.3501,37.8364],[40.198,38.2704],[39.3339,39.0689],[38.8659,40.9785],[40.378,40.9611],[41.4941,41.4299],[42.8623,41.5514],[45.4185,39.0342]]]]}},{"type":"Feature","properties":{"n":"Australia","p":3},"geometry":{"type":"MultiPolygon","coordinates":[[[[146.6967,-43.7192],[145.1845,-42.4867],[144.6805,-40.8549],[146.3726,-41.3062],[148.2808,-41.0979],[147.8128,-42.9727],[146.6967,-43.7192]]],[[[142.3402,-10.9095],[143.1683,-12.1246],[143.7444,-14.4682],[144.3924,-14.364],[145.1845,-15.0411],[145.3285,-16.4819],[145.8686,-17.1937],[146.3366,-19.0859],[148.1728,-20.1795],[149.1089,-21.0649],[149.541,-22.4363],[150.7651,-22.8182],[150.8011,-23.5994],[151.7372,-24.1549],[152.8893,-25.6304],[152.9613,-27.349],[153.5014,-28.842],[152.9613,-31.4112],[152.1692,-32.8694],[151.3771,-33.5291],[150.7651,-35.2477],[150.225,-35.699],[149.973,-37.3482],[149.505,-37.9211],[148.0288,-38.0947],[146.5167,-39.1883],[144.7525,-38.4592],[143.3483,-38.9627],[140.6481,-38.1641],[140,-37.6433],[139.3519,-35.6122],[138.3438,-35.8726],[138.5599,-34.9352],[138.0918,-34.3623],[137.6958,-35.3345],[136.9397,-35.4734],[138.1638,-33.1992],[137.8758,-32.7479],[137.0837,-33.9457],[135.7156,-35.213],[134.6355,-33.2687],[133.8434,-32.3486],[132.0072,-32.0709],[131.2871,-31.6369],[129.1989,-31.7931],[127.2547,-32.3833],[126.0666,-32.4354],[124.2304,-33.1472],[123.6184,-33.911],[119.766,-34.1193],[118.2178,-35.0915],[116.5617,-35.1956],[115.0495,-34.4144],[115.6616,-33.3728],[115.7336,-32.2097],[115.0495,-30.8036],[114.6175,-28.9114],[113.1413,-26.429],[114.0774,-26.5331],[113.4293,-24.8666],[113.6094,-22.5578],[116.4176,-20.8392],[117.6058,-20.7524],[118.8659,-20.0754],[120.8821,-19.6761],[122.2142,-18.2352],[122.0702,-17.402],[122.7543,-16.5861],[123.4023,-17.5756],[123.5824,-16.3951],[125.0225,-15.6487],[125.1665,-14.798],[125.8506,-14.6939],[126.8587,-13.7912],[127.9748,-14.7112],[129.631,-15.2841],[129.4149,-14.312],[130.459,-12.7669],[131.1791,-12.2288],[132.7633,-12.1767],[132.3672,-11.2914],[134.9235,-12.333],[136.8677,-12.4371],[135.8236,-13.4787],[135.3915,-14.9022],[139.2439,-17.4367],[140.7921,-17.5582],[141.7282,-15.232],[141.6922,-12.4718],[142.3402,-10.9095]]],[[[149.541,-6.4133],[148.4248,-5.8752],[149.865,-5.4065],[150.297,-5.7189],[152.2772,-4.7815],[151.8092,-5.7016],[149.541,-6.4133]]],[[[140.9361,-9.2777],[140.8641,-2.8025],[143.4563,-3.6184],[145.7246,-4.9898],[145.5806,-5.4238],[147.3807,-6.1182],[147.7408,-6.7432],[146.9127,-6.8994],[148.6049,-9.1561],[150.405,-10.3019],[147.8848,-10.1804],[146.6607,-9.2777],[145.8326,-8.0972],[144.3924,-7.75],[143.4203,-8.3576],[142.2322,-8.3055],[143.3483,-8.9999],[142.5923,-9.3818],[140.9361,-9.2777]]]]}},{"type":"Feature","properties":{"n":"Bahamas","p":3},"geometry":{"type":"MultiPolygon","coordinates":[[[[-73.0333,21.1364],[-73.0333,21.1364],[-73.0333,21.1364],[-73.0333,21.1364]]],[[[-72.9253,21.4836],[-72.9253,21.4836],[-72.9253,21.4836],[-72.9253,21.4836]]],[[[-72.8173,22.3863],[-72.8173,22.3863],[-72.8173,22.3863],[-72.8173,22.3863]]],[[[-73.6094,22.5773],[-73.6094,22.5773],[-73.6094,22.5773],[-73.6094,22.5773]]],[[[-73.4653,22.5946],[-73.4653,22.5946],[-73.4653,22.5946],[-73.4653,22.5946]]],[[[-74.3654,22.5426],[-74.3654,22.5426],[-74.3654,22.5426],[-74.3654,22.5426]]],[[[-73.8614,22.7162],[-73.8614,22.7162],[-73.8614,22.7162],[-73.8614,22.7162]]],[[[-74.0774,22.6641],[-74.0774,22.6641],[-74.0774,22.6641],[-74.0774,22.6641]]],[[[-73.7174,23.0634],[-73.7174,23.0634],[-73.7174,23.0634],[-73.7174,23.0634]]],[[[-75.5536,23.4279],[-75.5536,23.4279],[-75.5536,23.4279],[-75.5536,23.4279]]],[[[-75.0135,23.0981],[-75.0135,23.0981],[-75.0135,23.0981],[-75.0135,23.0981]]],[[[-75.7696,23.4973],[-75.7696,23.4973],[-75.7696,23.4973],[-75.7696,23.4973]]],[[[-74.7975,23.6883],[-74.7975,23.6883],[-74.7975,23.6883],[-74.7975,23.6883]]],[[[-76.3816,24.0702],[-76.3816,24.0702],[-76.3816,24.0702],[-76.3816,24.0702]]],[[[-74.4734,23.9487],[-74.4734,23.9487],[-74.4734,23.9487],[-74.4734,23.9487]]],[[[-77.9298,24.157],[-77.9298,24.157],[-77.9298,24.157],[-77.9298,24.157]]],[[[-77.9298,24.2264],[-77.9298,24.2264],[-77.9298,24.2264],[-77.9298,24.2264]]],[[[-76.4536,24.2091],[-76.4536,24.2091],[-76.4536,24.2091],[-76.4536,24.2091]]],[[[-77.7498,24.0355],[-77.7498,24.0355],[-77.7498,24.0355],[-77.7498,24.0355]]],[[[-77.6778,24.3306],[-77.6778,24.3306],[-77.6778,24.3306],[-77.6778,24.3306]]],[[[-75.3015,24.2091],[-75.3015,24.2091],[-75.3015,24.2091],[-75.3015,24.2091]]],[[[-77.4257,25.0076],[-77.4257,25.0076],[-77.4257,25.0076],[-77.4257,25.0076]]],[[[-78.1818,25.1986],[-78.1818,25.1986],[-78.1818,25.1986],[-78.1818,25.1986]]],[[[-76.5257,25.4069],[-76.5257,25.4069],[-76.5257,25.4069],[-76.5257,25.4069]]],[[[-77.8218,25.702],[-77.8218,25.702],[-77.8218,25.702],[-77.8218,25.702]]],[[[-77.5698,26.2749],[-77.5698,26.2749],[-77.5698,26.2749],[-77.5698,26.2749]]],[[[-77.9298,26.7436],[-77.9298,26.7436],[-77.9298,26.7436],[-77.9298,26.7436]]],[[[-77.7498,26.9172],[-77.7498,26.9172],[-77.7498,26.9172],[-77.7498,26.9172]]]]}},{"type":"Feature","properties":{"n":"Barbados","p":3},"geometry":{"type":"MultiPolygon","coordinates":[[[[-59.532,13.0468],[-59.532,13.0468],[-59.532,13.0468],[-59.532,13.0468]]]]}},{"type":"Feature","properties":{"n":"Belgian Congo","p":3,"s":"Belgium"},"geometry":{"type":"MultiPolygon","coordinates":[[[[18.4878,3.5338],[18.5959,4.3149],[19.568,5.0788],[20.5761,4.3323],[22.4122,4.0719],[23.4203,4.5406],[25.2205,4.8878],[25.4725,5.3044],[27.2367,5.1656],[28.2088,4.1761],[29.685,4.5233],[30.7291,3.499],[30.7291,2.3707],[31.1611,1.7978],[29.757,0.4437],[29.541,-1.4311],[28.8929,-2.7678],[29.3609,-4.7468],[29.505,-6.4307],[30.6571,-8.2882],[29.0369,-8.5486],[28.4608,-9.3124],[28.6049,-10.5276],[28.3168,-11.5171],[28.9289,-12.2982],[29.757,-12.2288],[29.793,-13.4613],[29.0009,-13.4266],[27.4527,-12.1941],[23.9244,-11.0483],[22.2682,-11.1525],[21.6922,-9.4165],[21.6202,-7.3334],[19.532,-7.0383],[19.3159,-8.0451],[17.5878,-8.1146],[16.5437,-6.014],[14.0594,-5.9273],[12.3312,-6.1876],[12.1872,-5.7537],[13.0153,-4.7642],[14.3474,-4.2954],[14.4554,-4.8857],[16.0036,-3.6705],[16.1116,-2.3338],[17.4437,-0.8409],[17.9478,2.0929],[18.4878,3.5338]]]]}},{"type":"Feature","properties":{"n":"Belgium","p":3},"geometry":{"type":"MultiPolygon","coordinates":[[[[2.5383,51.0992],[3.7624,51.3943],[4.8065,51.4811],[5.9946,50.7346],[6.1026,50.1097],[5.8146,49.5021],[2.8623,50.6825],[2.5383,51.0992]]]]}},{"type":"Feature","properties":{"n":"Belize","p":3},"geometry":{"type":"MultiPolygon","coordinates":[[[[-88.3348,18.4978],[-88.2268,17.0048],[-88.9469,15.9112],[-89.2349,15.8938],[-89.1629,17.8381],[-88.3348,18.4978]]]]}},{"type":"Feature","properties":{"n":"Bhutan","p":3},"geometry":{"type":"MultiPolygon","coordinates":[[[[91.6112,27.6463],[91.8992,26.813],[88.8749,26.8998],[88.8029,27.1776],[89.847,28.2712],[91.6112,27.6463]]]]}},{"type":"Feature","properties":{"n":"Bolivia","p":3},"geometry":{"type":"MultiPolygon","coordinates":[[[[-69.577,-10.9095],[-68.4968,-11.0831],[-66.3006,-9.8332],[-65.2925,-9.8158],[-65.2565,-11.3608],[-64.2484,-12.4718],[-62.0882,-13.0968],[-61.6202,-13.6176],[-60.36,-13.8953],[-60.036,-16.3257],[-58.3438,-16.3778],[-58.4158,-17.1242],[-57.5878,-18.0443],[-58.1278,-19.815],[-59.0639,-19.3289],[-61.5482,-19.6414],[-62.1242,-20.4573],[-62.5923,-22.1585],[-63.7804,-22.0717],[-64.2484,-22.8703],[-64.7525,-22.1585],[-66.1566,-21.9155],[-67.2007,-22.9918],[-67.7768,-22.905],[-68.6409,-20.4399],[-68.4248,-19.4678],[-69.4329,-17.6103],[-69.0009,-16.6208],[-69.2529,-14.7459],[-68.8209,-14.1731],[-68.6409,-12.576],[-69.577,-10.9095]]]]}},{"type":"Feature","properties":{"n":"Botswana","p":3,"s":"United Kingdom"},"geometry":{"type":"MultiPolygon","coordinates":[[[[25.0045,-17.8186],[25.3285,-18.0096],[26.3726,-19.7629],[27.6328,-20.5614],[27.9568,-21.5856],[29.2169,-22.1932],[26.9487,-23.773],[25.8686,-24.8666],[25.6166,-25.6304],[24.4644,-25.9082],[22.9523,-25.4395],[22.1602,-26.5505],[20.6121,-26.9151],[20.7561,-26.0992],[19.856,-24.9361],[19.892,-22.1064],[20.9361,-22.0544],[20.9361,-18.3915],[23.2763,-18.1137],[23.5644,-18.4609],[25.0045,-17.8186]]]]}},{"type":"Feature","properties":{"n":"Brazil","p":3},"geometry":{"type":"MultiPolygon","coordinates":[[[[-54.5635,-25.752],[-54.2034,-24.1202],[-55.3555,-23.773],[-55.6076,-22.4536],[-57.8038,-22.1585],[-57.7678,-20.6829],[-58.1278,-19.815],[-57.5878,-18.0443],[-58.4158,-17.1242],[-58.3438,-16.3778],[-60.036,-16.3257],[-60.36,-13.8953],[-61.6202,-13.6176],[-62.0882,-13.0968],[-64.2484,-12.4718],[-65.2565,-11.3608],[-65.2925,-9.8158],[-66.3006,-9.8332],[-68.4968,-11.0831],[-69.577,-10.9095],[-70.6211,-10.7359],[-70.5491,-9.5207],[-72.1692,-10.0068],[-73.8254,-7.5764],[-73.0693,-6.5175],[-72.7813,-5.1461],[-71.4491,-4.5211],[-69.865,-4.1913],[-69.3249,-1.2922],[-69.973,0.4611],[-69.0369,0.5305],[-69.721,1.6589],[-68.1728,1.6068],[-67.1647,2.0755],[-66.8407,1.0166],[-65.3645,0.5653],[-63.2043,2.1797],[-63.9604,2.4922],[-64.6085,4.0372],[-63.2763,3.8636],[-61.6202,4.2108],[-60.5401,5.0093],[-59.4959,3.9677],[-59.928,2.7352],[-59.64,1.7284],[-58.8479,1.1555],[-56.7237,1.8846],[-54.8515,2.4748],[-54.3834,2.2665],[-52.8353,2.0929],[-51.6112,4.2108],[-51.2151,4.0719],[-50.6751,2.2144],[-49.883,1.2076],[-51.5392,-0.4242],[-52.0072,-1.57],[-50.9631,-1.1186],[-50.6391,-1.8825],[-49.3069,-1.7957],[-49.4149,-2.3512],[-48.0468,-0.8235],[-47.2547,-0.6846],[-44.8065,-1.7436],[-44.5905,-3.1497],[-43.3303,-2.438],[-42.3222,-2.8199],[-40.234,-2.8546],[-38.7939,-3.6011],[-37.1737,-4.9551],[-35.4815,-5.2676],[-34.9055,-7.6111],[-35.5896,-9.6249],[-37.1737,-10.84],[-38.2538,-12.8885],[-38.7939,-12.6281],[-39.1179,-14.3293],[-38.9379,-15.9958],[-39.1539,-17.7665],[-39.658,-18.2352],[-39.694,-19.4157],[-40.9181,-21.2732],[-40.9901,-22.0891],[-41.9622,-22.9223],[-44.5545,-22.9918],[-45.4545,-23.8598],[-46.2106,-23.8771],[-48.7309,-25.4221],[-48.5509,-27.6789],[-48.9469,-28.7031],[-49.919,-29.6232],[-50.459,-30.7342],[-51.2151,-30.2655],[-52.0432,-31.5501],[-52.3672,-32.6785],[-53.4113,-33.8763],[-53.2313,-32.9389],[-53.8794,-32.0535],[-55.8596,-31.1682],[-56.7597,-30.2481],[-57.5878,-30.4043],[-54.7435,-27.6962],[-53.7354,-27.2102],[-53.9514,-25.6652],[-54.5635,-25.752]]],[[[-50.207,-1.7436],[-50.495,-0.268],[-48.4068,-0.3895],[-48.8749,-1.4137],[-50.207,-1.7436]]]]}},{"type":"Feature","properties":{"n":"British Raj","p":3,"s":"United Kingdom"},"geometry":{"type":"MultiPolygon","coordinates":[[[[61.5842,25.0424],[61.9442,26.1534],[63.2403,26.6742],[62.6643,28.2018],[61.6562,28.6532],[60.8281,29.8336],[62.3762,29.3823],[64.1044,29.3996],[66.0846,29.7295],[66.4806,30.8405],[68.2448,31.7605],[69.2169,31.7953],[69.505,32.941],[70.297,33.2882],[69.865,33.9478],[70.8011,33.9305],[71.6652,35.1283],[71.3411,36.0484],[72.3852,36.7254],[74.5095,37.0031],[75.6256,36.7775],[75.7696,36.0484],[77.8578,35.4755],[78.1458,34.5554],[78.7939,34.2082],[78.6139,33.4965],[79.55,32.698],[78.4338,32.5764],[78.9019,31.3265],[81.0261,30.2502],[80.09,28.9483],[83.3303,27.3685],[84.1224,27.5421],[85.3825,26.761],[88.0828,26.4485],[88.1908,27.872],[88.8029,27.1776],[88.8749,26.8998],[91.8992,26.813],[91.6112,27.6463],[93.6634,28.7052],[94.1674,29.0351],[95.9316,29.3823],[96.2556,28.3928],[98.0198,28.0976],[98.6319,27.4727],[98.7399,26.3443],[97.5158,24.7993],[97.5158,23.8966],[98.7759,24.0876],[99.1719,22.2995],[100.324,21.4663],[101.0081,21.4489],[100,20.4594],[98.0198,19.7477],[97.8038,17.5777],[98.8119,16.3105],[98.1278,15.1821],[98.9919,13.8801],[99.568,11.8837],[98.5959,10.1131],[98.8839,11.6407],[97.8398,14.6092],[97.5878,16.4493],[96.8677,17.352],[96.4716,16.5188],[95.3195,15.6855],[94.1314,15.998],[94.4194,18.1332],[93.3393,20.0254],[92.1872,20.8934],[91.3951,22.7162],[89.991,22.5599],[89.991,21.935],[88.3708,21.5704],[88.0468,21.935],[86.7867,21.1364],[86.1026,19.7997],[85.1305,19.4352],[84.2664,18.463],[81.3861,16.3452],[80.09,15.1821],[80.306,13.3246],[79.694,11.4498],[79.802,10.2519],[79.2259,10.1999],[79.1539,9.2798],[78.3258,9.002],[77.3537,8.0473],[76.7057,8.7069],[76.0576,10.5471],[75.1935,12.1094],[74.7255,13.6891],[73.8254,15.3904],[73.0693,18.0291],[72.7453,20.0601],[73.1053,20.824],[72.7093,22.1259],[71.8812,20.9976],[71.0171,20.6504],[70.225,20.9455],[68.8929,22.2822],[70.405,22.7509],[69.1089,22.9071],[66.6967,24.7472],[66.6247,25.3201],[61.5842,25.0424]]]]}},{"type":"Feature","properties":{"n":"British Somaliland","p":3,"s":"United Kingdom"},"geometry":{"type":"MultiPolygon","coordinates":[[[[47.9028,7.8737],[46.9667,7.9257],[43.8704,9.0368],[42.7903,10.3387],[42.9343,10.8942],[43.2943,11.4671],[44.2664,10.3908],[45.9226,10.8248],[46.6787,10.7033],[48.4428,11.2935],[48.6949,8.3945],[47.9028,7.8737]]]]}},{"type":"Feature","properties":{"n":"Brunei","p":3},"geometry":{"type":"MultiPolygon","coordinates":[[[[114.0774,4.4538],[114.9775,4.8704],[115.1575,4.3149],[114.0774,4.4538]]]]}},{"type":"Feature","properties":{"n":"Bulgaria","p":3},"geometry":{"type":"MultiPolygon","coordinates":[[[[22.7003,44.2595],[22.9523,43.8949],[25.3645,43.7734],[26.5887,44.2074],[28.0288,43.3915],[27.4887,42.5235],[27.9208,41.9854],[26.3366,41.6382],[25.3645,41.1521],[24.4284,41.4819],[22.9163,41.2389],[22.3402,42.2978],[22.9163,43.1832],[22.3042,43.6866],[22.7003,44.2595]]]]}},{"type":"Feature","properties":{"n":"Burundi","p":3},"geometry":{"type":"MultiPolygon","coordinates":[[[[29.3609,-4.7468],[28.8929,-2.7678],[30.477,-2.49],[30.8371,-3.3059],[29.901,-4.5906],[29.3609,-4.7468]]]]}},{"type":"Feature","properties":{"n":"Cambodia","p":3,"s":"Empire of Japan"},"geometry":{"type":"MultiPolygon","coordinates":[[[[105.0405,14.2447],[107.3807,14.5918],[107.3807,12.3525],[105.8326,11.5886],[105.5086,10.8942],[104.3924,10.3214],[103.0243,10.8942],[102.6643,12.04],[102.3402,13.2378],[103.0963,14.2967],[105.0405,14.2447]]]]}},{"type":"Feature","properties":{"n":"Canada","p":3},"geometry":{"type":"MultiPolygon","coordinates":[[[[-96.0036,69.049],[-96.7957,68.5283],[-99.3519,68.9796],[-97.7318,69.8302],[-96.0036,69.049]]],[[[-97.7318,73.007],[-96.3636,72.5036],[-97.2997,71.653],[-98.9559,71.3926],[-100.324,72.1391],[-102.6643,72.8508],[-102.2682,73.1459],[-100.8281,72.7466],[-99.964,73.2674],[-100.9361,73.8577],[-96.9397,73.7882],[-98.3798,73.1286],[-97.7318,73.007]]],[[[-95.3195,73.7535],[-95.0675,74.066],[-89.991,73.9965],[-89.991,73.5973],[-92.0072,72.8334],[-94.2754,72.8508],[-93.6274,72.5383],[-95.0675,72.2779],[-95.6436,73.1459],[-95.3195,73.7535]]],[[[-124.4824,48.5994],[-126.5347,49.8146],[-128.3348,50.6652],[-127.8308,50.8561],[-125.7066,50.4048],[-123.8704,49.1549],[-123.7264,48.4779],[-124.4824,48.5994]]],[[[-131.9712,53.9635],[-132.5833,53.2865],[-133.0513,54.0677],[-131.9712,53.9635]]],[[[-104.6805,71.1843],[-103.8524,70.6982],[-101.0441,70.0385],[-103.3483,69.6393],[-101.8002,69.1358],[-104.1764,68.8928],[-106.8407,69.4483],[-107.5248,69.049],[-110.441,68.6498],[-113.1413,68.5977],[-113.9334,69.2574],[-115.9136,69.3442],[-117.5698,69.9865],[-115.1575,70.2642],[-111.7372,70.2642],[-113.7534,70.7329],[-117.7498,70.7156],[-118.5059,71.0454],[-115.7336,71.3058],[-117.3177,71.4794],[-118.9739,72.0349],[-117.2097,72.8508],[-114.6535,73.3542],[-114.4734,72.6251],[-112.8533,72.955],[-111.7372,72.33],[-110.081,72.5557],[-110.5131,72.9897],[-109.0009,72.7293],[-108.0648,71.7572],[-107.5248,72.0175],[-108.1728,73.389],[-106.5167,73.198],[-105.3285,72.6425],[-104.4644,71.653],[-104.6805,71.1843]]],[[[-117.6778,74.2049],[-115.6616,73.632],[-118.5779,72.9723],[-120.45,72.2953],[-120.8461,71.5315],[-123.4743,71.2016],[-124.0864,71.7398],[-125.8866,72.1564],[-125.3465,72.9723],[-124.0504,73.8577],[-124.9145,74.4479],[-121.2421,74.5868],[-119.55,74.1701],[-117.6778,74.2049]]],[[[-106.8407,75.9755],[-105.5086,75.854],[-105.7606,75.2291],[-107.4887,75.0034],[-109.0729,75.1249],[-112.2052,74.5],[-114.2214,74.8472],[-111.3771,75.1076],[-112.8173,75.42],[-115.1935,75.1596],[-117.3897,75.4027],[-115.1575,75.7499],[-116.3096,76.2359],[-114.3654,76.4616],[-112.8533,76.2359],[-111.3771,75.6631],[-109.1449,75.7151],[-110.369,76.4269],[-108.9649,76.8782],[-108.1728,76.0103],[-106.8407,75.9755]]],[[[-118.2538,76.8782],[-120.45,75.9582],[-122.6463,76.5311],[-119.694,77.3122],[-116.3456,77.5726],[-116.2376,76.7741],[-117.8578,76.4443],[-118.2538,76.8782]]],[[[-112.7813,77.5553],[-112.9973,77.9198],[-109.649,77.9545],[-110.6211,77.5379],[-112.7813,77.5553]]],[[[-100.18,78.7704],[-99.1359,78.1281],[-99.676,77.7983],[-101.1521,78.267],[-104.1764,78.3017],[-104.8965,78.701],[-103.3843,78.6142],[-105.4365,79.3954],[-103.3483,79.3954],[-102.5563,79.0135],[-100.18,78.7704]]],[[[-61.2601,45.7871],[-61.3681,46.3253],[-60.252,46.9329],[-61.2601,45.7871]]],[[[-81.9262,64.5182],[-81.8542,63.9974],[-80.162,63.7196],[-82.2142,63.6849],[-82.7183,64.0668],[-85.4545,63.1988],[-85.5986,63.7544],[-87.1107,63.546],[-86.0666,64.1363],[-86.2466,64.5355],[-85.5626,65.8722],[-81.9262,64.5182]]],[[[-75.4815,68.2505],[-75.1575,67.5735],[-77.0657,67.3304],[-76.7777,68.1463],[-75.4815,68.2505]]],[[[-76.5257,64.2231],[-78.1098,64.5008],[-77.3537,65.3688],[-75.8056,65.1952],[-73.4293,65.525],[-74.2934,66.0632],[-72.3132,67.261],[-73.1773,68.3026],[-74.7615,69.049],[-76.5617,68.7366],[-75.5536,69.2226],[-79.1179,70.6635],[-80.486,70.8197],[-78.7219,70.0038],[-81.0261,70.1774],[-80.8461,69.7087],[-87.9388,70.3857],[-89.1629,70.976],[-87.1827,71.0107],[-87.9388,71.3579],[-89.991,71.5488],[-89.0909,73.198],[-86.8947,73.8229],[-85.2385,73.7709],[-86.6787,73.0938],[-86.4626,72.1391],[-84.7705,71.0628],[-84.6985,71.653],[-85.5986,72.0175],[-84.3024,72.2606],[-85.4905,72.6078],[-84.8785,73.3542],[-82.6823,73.7882],[-81.5302,73.6841],[-80.45,72.9723],[-81.0261,72.3821],[-78.5779,71.9307],[-78.3618,72.5904],[-75.3375,72.5557],[-73.2853,71.1669],[-72.5293,71.6356],[-71.2691,71.3579],[-70.297,70.6114],[-68.4608,70.5593],[-69.4689,69.9517],[-68.0288,70.2989],[-67.0567,69.7955],[-68.0288,69.7782],[-66.6607,69.1879],[-68.5329,69.2574],[-68.6769,68.7192],[-67.0207,68.3026],[-66.7327,67.9207],[-64.8245,67.9554],[-63.9244,67.4172],[-61.2241,66.6361],[-63.3483,65.0216],[-64.8605,65.3862],[-65.0405,65.959],[-66.9127,66.6013],[-68.3888,66.2889],[-66.5887,64.7612],[-65.0405,64.414],[-64.7525,62.4697],[-67.7768,63.8064],[-68.4608,63.3377],[-66.3366,62.3135],[-65.9406,61.7927],[-69.1449,62.4177],[-71.6292,63.2162],[-71.2691,63.5634],[-72.3852,63.8585],[-73.1773,64.5703],[-74.5455,64.7786],[-76.5257,64.2231]]],[[[-85.8146,75.611],[-83.5464,75.9061],[-81.5302,75.854],[-79.4779,75.2812],[-80.342,74.6215],[-83.5824,74.6909],[-88.1548,74.5694],[-88.4068,74.986],[-89.703,74.6215],[-91.0711,74.9687],[-91.8632,74.7951],[-92.2232,75.9408],[-93.0873,76.5311],[-89.991,76.5831],[-89.0549,75.4548],[-87.6508,75.6978],[-85.8146,75.611]]],[[[-80.7381,82.0341],[-81.5302,82.6937],[-78.6859,83.0062],[-75.9136,82.5201],[-76.3816,83.1451],[-74.1494,82.9888],[-70.5851,83.1798],[-67.7048,82.8673],[-65.4725,82.902],[-62.4122,82.6416],[-61.9802,82.3118],[-63.9244,82.0167],[-67.5968,81.9646],[-67.5248,81.5827],[-65.5806,81.7042],[-66.4806,81.305],[-69.505,80.5411],[-71.4491,79.8467],[-74.2574,80.0377],[-73.3933,79.5863],[-77.2457,79.5863],[-77.2817,79.2912],[-74.9775,79.1176],[-76.1296,78.0761],[-78.3618,78.0413],[-78.8659,77.3817],[-81.5662,77.5379],[-82.1062,77.3122],[-78.1098,77.0345],[-78.2178,76.5484],[-80.8101,76.2359],[-81.3861,76.6526],[-83.7624,76.5311],[-84.6265,76.8956],[-85.0225,76.4095],[-89.4149,76.6179],[-89.2349,76.9824],[-87.1107,77.2775],[-88.0468,77.7462],[-86.4266,77.8157],[-84.9145,77.347],[-83.0423,77.6247],[-84.8785,77.7115],[-84.8425,78.1629],[-86.4986,78.3017],[-85.8146,78.9093],[-81.6022,78.7531],[-83.9064,79.2565],[-86.3186,80.1071],[-86.1746,80.2807],[-82.2502,80.0551],[-81.0621,80.5411],[-77.5338,80.7494],[-78.9739,81.0272],[-82.7903,80.6974],[-83.4743,80.8883],[-85.4905,80.6106],[-85.2025,81.3223],[-86.4266,81.3918],[-89.2349,80.871],[-89.559,81.4091],[-91.0711,81.5306],[-89.991,82.0167],[-84.9505,82.3813],[-80.7381,82.0341]]],[[[-101.8002,76.4443],[-100.072,76.0103],[-100.6841,76.6005],[-97.8038,76.479],[-97.9838,75.1596],[-99.928,75.0902],[-99.892,75.611],[-102.1602,75.6457],[-101.8002,76.4443]]],[[[-93.9514,76.3922],[-95.8596,76.5137],[-96.7957,76.913],[-94.2034,76.8956],[-93.9514,76.3922]]],[[[-96.1476,78.0413],[-97.0837,78.0066],[-98.3438,78.8052],[-95.1035,78.4406],[-96.1476,78.0413]]],[[[-87.5068,80.2287],[-87.0027,79.4475],[-85.7426,79.378],[-87.7948,78.7184],[-88.6589,78.9093],[-89.1269,78.3365],[-92.6913,78.4406],[-94.0954,79.0308],[-93.3033,79.2565],[-89.991,79.1176],[-93.1953,79.5343],[-95.0315,79.3954],[-96.5797,80.0898],[-94.6715,80.1245],[-95.5716,80.3849],[-94.2394,80.68],[-95.0675,81.0272],[-92.0072,81.2529],[-90.9991,80.7494],[-89.4149,80.6106],[-89.0549,80.1592],[-87.5068,80.2287]]],[[[-57.0117,51.4811],[-58.5239,51.3769],[-60.144,50.4048],[-61.6562,50.2833],[-65.5806,50.3701],[-66.8407,50.0923],[-67.3087,49.4326],[-68.3168,49.2243],[-69.505,48.4605],[-71.0531,46.7419],[-69.2529,48.1133],[-66.0126,49.1723],[-64.3204,48.9466],[-65.2205,48.1133],[-66.4806,48.096],[-65.6166,47.662],[-64.6445,47.7835],[-64.8605,46.7245],[-64.0684,46.0475],[-60.9721,45.3011],[-63.8884,44.5719],[-65.4725,43.513],[-66.1926,44.4852],[-64.4644,45.3879],[-64.2844,45.926],[-65.7606,45.3011],[-67.2007,45.249],[-67.7048,47.037],[-69.0369,47.471],[-70.5851,45.3011],[-71.5212,44.9539],[-74.7975,45.0059],[-76.1296,44.3289],[-77.1737,43.8428],[-79.1539,43.7734],[-79.1539,43.2179],[-79.0459,42.8533],[-81.4221,42.593],[-83.0423,42.0201],[-82.2862,43.0269],[-81.8182,43.3221],[-81.3141,45.2143],[-80.9181,44.6067],[-79.766,44.7976],[-80.7741,45.9781],[-83.8344,46.1517],[-84.7345,46.4642],[-85.0225,47.9397],[-85.8146,47.9744],[-86.3906,48.7209],[-88.0828,48.9987],[-89.631,47.9744],[-89.991,48.2522],[-91.6832,48.0439],[-94.8155,49.0507],[-122.8983,49.0681],[-123.2223,49.6236],[-124.4824,49.8146],[-124.9505,50.5957],[-127.4707,51.0124],[-127.0387,52.4706],[-128.0468,52.5053],[-128.8749,53.4254],[-129.991,53.9462],[-129.991,55.2828],[-130.279,56.1161],[-131.7192,56.6022],[-133.5194,58.4249],[-135.2475,59.6748],[-137.2277,58.8763],[-138.9919,60.2651],[-140.9001,60.3866],[-140.9001,64.7612],[-141.0441,69.5872],[-140.324,69.6219],[-137.7318,69.0143],[-135.4995,68.7192],[-136.0396,69.3442],[-133.6634,69.5004],[-131.0711,70.1601],[-130.063,69.9691],[-132.2952,69.483],[-133.7354,68.9102],[-129.0189,69.7261],[-127.9388,70.0733],[-128.4068,70.6809],[-126.7867,69.7782],[-125.2025,69.4136],[-123.7984,69.431],[-122.3222,69.8823],[-117.8218,69.0143],[-115.3015,68.8928],[-114.1134,68.3547],[-115.5536,67.9033],[-112.4932,67.695],[-110.5491,67.9207],[-108.1008,67.3652],[-107.5248,66.5666],[-107.1287,66.9659],[-107.6688,67.9554],[-105.6526,68.3547],[-101.9082,67.7124],[-98.8839,67.8165],[-97.4797,67.5908],[-97.5878,68.372],[-96.2196,68.0769],[-96.2556,67.3131],[-95.2475,67.0353],[-95.3195,68.0595],[-93.4113,68.5456],[-94.0234,69.5525],[-96.1116,69.9344],[-95.9316,70.5767],[-96.6877,70.8371],[-94.4194,71.8787],[-93.2673,71.5662],[-93.0873,70.976],[-91.6472,70.2816],[-92.6553,69.7434],[-89.991,69.483],[-89.991,68.372],[-88.9109,69.2226],[-87.8668,68.2852],[-88.3348,67.8165],[-87.3267,67.1742],[-86.4986,67.3825],[-85.3825,68.7539],[-84.5545,68.9796],[-85.3825,69.6914],[-84.3024,69.8302],[-81.4941,69.1879],[-81.3861,68.7192],[-82.6823,68.7019],[-81.2781,67.504],[-81.4941,67.07],[-83.1503,66.3757],[-86.7507,66.5666],[-85.9946,66.1673],[-87.2547,65.4382],[-89.991,65.9764],[-88.1548,65.1258],[-87.1467,65.0563],[-88.3708,64.0495],[-89.955,64.1883],[-89.991,63.6155],[-93.3033,63.98],[-92.3672,63.5808],[-89.991,63.303],[-89.991,62.9385],[-92.2952,62.9211],[-91.8992,62.6086],[-93.4113,61.8622],[-94.7435,59.9526],[-94.6715,58.8763],[-93.0873,58.5465],[-92.4752,56.9841],[-89.991,57.1751],[-87.4707,55.9078],[-84.4824,55.1613],[-82.2142,54.9704],[-82.3582,52.974],[-81.7462,52.1755],[-80.8821,51.8977],[-79.3339,50.8388],[-78.5059,52.2623],[-79.55,54.6926],[-77.2457,55.6127],[-76.4536,56.8105],[-76.7777,57.6611],[-78.4698,58.7027],[-77.2097,59.7443],[-77.3897,60.6991],[-78.1818,60.7338],[-77.4617,61.5323],[-78.0018,62.1052],[-77.3537,62.5218],[-74.7255,62.1746],[-73.6454,62.3829],[-70.045,60.89],[-69.3249,59.2061],[-69.721,58.5638],[-68.5689,58.7895],[-67.9928,58.1645],[-65.9406,58.4249],[-65.5446,59.5707],[-64.4284,60.0394],[-63.7444,54.7621],[-67.4527,54.7794],[-66.7687,52.6615],[-64.5365,51.5679],[-63.8524,52.3664],[-63.4203,51.9151],[-56.9757,51.9498],[-57.0117,51.4811]]]]}},{"type":"Feature","properties":{"n":"Ceylon","p":3},"geometry":{"type":"MultiPolygon","coordinates":[[[[80.5581,5.9294],[79.838,7.0578],[79.694,8.9326],[80.6661,9.2972],[81.8542,7.0925],[81.2061,6.0856],[80.5581,5.9294]]]]}},{"type":"Feature","properties":{"n":"Chile","p":3},"geometry":{"type":"MultiPolygon","coordinates":[[[[-68.4608,-52.4164],[-69.2529,-52.2949],[-70.7291,-52.7983],[-70.9811,-53.8225],[-71.8812,-53.701],[-71.1611,-52.9545],[-72.7453,-53.1455],[-71.6652,-52.642],[-73.3933,-52.0171],[-74.2574,-50.9929],[-74.2214,-48.007],[-73.9694,-47.0349],[-75.4455,-46.5141],[-74.5815,-45.8718],[-73.9694,-46.7051],[-72.5293,-43.0595],[-72.6013,-41.6187],[-73.6094,-41.7055],[-73.8974,-40.8375],[-73.1773,-39.5702],[-73.6814,-37.5044],[-73.1413,-37.1572],[-72.6373,-35.647],[-71.6292,-33.7027],[-71.4131,-32.7479],[-71.7012,-30.8557],[-71.4131,-29.1024],[-70.405,-25.2485],[-70.117,-21.7419],[-70.369,-18.4609],[-69.4329,-17.6103],[-68.4248,-19.4678],[-68.6409,-20.4399],[-67.7768,-22.905],[-67.2007,-22.9918],[-67.2727,-24.0854],[-68.3888,-24.6062],[-68.5689,-25.4395],[-68.3168,-27.2275],[-68.8209,-27.2623],[-69.937,-29.3628],[-69.865,-30.3523],[-70.5131,-31.689],[-69.829,-33.7548],[-70.477,-35.3518],[-70.405,-36.1677],[-71.0891,-36.8101],[-70.8371,-38.7196],[-71.3771,-39.0321],[-71.8452,-40.7507],[-71.7012,-42.1568],[-72.0972,-42.504],[-71.7732,-44.1011],[-71.0531,-44.6566],[-71.7012,-46.6877],[-72.3852,-47.573],[-72.4572,-48.8576],[-73.5014,-49.7603],[-73.1413,-50.854],[-72.3492,-50.6978],[-71.8092,-52.0865],[-69.577,-52.1386],[-68.4608,-52.4164]]],[[[-73.7534,-43.5109],[-74.2934,-43.2678],[-74.0054,-42.0179],[-73.7534,-43.5109]]],[[[-73.0693,-53.024],[-73.5734,-52.2775],[-72.8533,-52.2775],[-73.0693,-53.024]]],[[[-68.7489,-54.8814],[-70.7291,-54.9335],[-69.577,-54.4648],[-70.333,-53.4753],[-69.3969,-52.5726],[-68.7129,-52.7115],[-68.7129,-53.2323],[-68.7489,-54.8814]]]]}},{"type":"Feature","properties":{"n":"Chinese warlords","p":3},"geometry":{"type":"MultiPolygon","coordinates":[[[[101.0081,21.4489],[100.324,21.4663],[99.1719,22.2995],[98.7759,24.0876],[97.5158,23.8966],[97.5158,24.7993],[98.7399,26.3443],[98.6319,27.4727],[98.0198,28.0976],[98.7039,28.1844],[98.9559,28.9656],[98.9199,31.1009],[97.6958,32.5417],[95.5356,31.7432],[95.2835,32.4202],[92.9433,32.698],[90.423,33.2361],[89.811,34.1909],[89.847,34.9026],[89.559,36.0657],[91.2511,36.1178],[90.8191,36.8122],[91.3591,37.0899],[90.099,38.4787],[92.4032,38.9995],[93.0153,40.5792],[93.7354,40.614],[94.1674,41.3951],[96.1116,42.0027],[96.3276,42.7839],[98.2358,42.593],[101.7282,42.5409],[104.8245,41.5861],[107.3447,42.4194],[109.3969,42.4367],[111.9532,43.8602],[111.4131,44.3984],[112.0972,45.1448],[113.7534,44.8671],[114.6535,45.4747],[115.6256,45.492],[116.4896,46.3079],[118.3258,46.7419],[119.586,46.6551],[119.73,46.7245],[119.874,45.5962],[119.514,44.6067],[121.7822,44.1553],[121.3141,42.6277],[119.658,41.0479],[119.3339,39.7807],[118.9739,39.2252],[117.7498,39.2078],[117.6058,38.2878],[118.8659,37.9579],[118.9379,37.0726],[120.6661,37.7323],[122.3942,37.2983],[122.2502,36.7254],[120.126,36.1872],[119.0099,34.6943],[119.982,34.1388],[120.6661,32.5417],[121.6022,31.83],[121.5662,30.7016],[119.946,30.1114],[121.7822,29.8336],[121.3501,28.3928],[120.342,27.1776],[119.4419,26.5874],[119.4779,25.7715],[117.8578,24.0529],[115.6976,22.6467],[113.7174,22.4905],[112.7453,21.7614],[110.225,21.2753],[109.937,20.2511],[109.613,21.0496],[108.5689,21.8308],[107.8848,21.4663],[107.0927,21.6572],[106.5887,22.9245],[105.3285,23.289],[104.4644,22.7856],[101.9802,22.5252],[101.5842,21.2232],[101.0081,21.4489]]],[[[108.6409,18.4804],[108.5689,19.1922],[109.541,19.9213],[110.8731,19.7129],[110.261,18.6193],[109.4329,18.0985],[108.6409,18.4804]]]]}},{"type":"Feature","properties":{"n":"Cochin China","p":3,"s":"Empire of Japan"},"geometry":{"type":"MultiPolygon","coordinates":[[[[108.8209,11.2588],[107.4167,10.3735],[106.7687,10.6338],[106.4806,9.5576],[104.7525,8.4986],[104.9685,9.9742],[104.3924,10.3214],[105.5086,10.8942],[105.8326,11.5886],[107.3807,12.3525],[108.0288,11.4845],[108.8209,11.2588]]]]}},{"type":"Feature","properties":{"n":"Colombia","p":3},"geometry":{"type":"MultiPolygon","coordinates":[[[[-71.1971,11.9185],[-72.0612,11.7275],[-73.3213,9.193],[-72.3492,8.3077],[-71.8092,6.971],[-70.5491,7.0578],[-69.2889,5.9988],[-67.4887,6.2071],[-67.9208,5.1482],[-67.2367,3.3428],[-67.7768,2.822],[-67.1647,2.0755],[-68.1728,1.6068],[-69.721,1.6589],[-69.0369,0.5305],[-69.973,0.4611],[-69.3249,-1.2922],[-69.865,-4.1913],[-70.5851,-3.792],[-70.045,-2.8199],[-70.9091,-2.3164],[-72.9613,-2.4553],[-74.4734,-0.5805],[-75.5176,-0.1465],[-76.8497,0.1313],[-78.9379,1.3812],[-78.4698,2.4748],[-77.7858,2.579],[-77.1017,3.7941],[-77.4977,5.5128],[-77.3897,6.6758],[-77.8938,7.1793],[-77.1377,7.9778],[-77.4977,8.6548],[-76.8497,7.9257],[-76.7777,8.6896],[-75.6976,9.4187],[-75.4455,10.6338],[-74.2214,11.363],[-73.3573,11.3282],[-71.4491,12.4219],[-71.1971,11.9185]]]]}},{"type":"Feature","properties":{"n":"Congo (France)","p":3,"s":"France"},"geometry":{"type":"MultiPolygon","coordinates":[[[[13.0153,-4.7642],[12.0072,-5.0072],[11.1431,-3.9309],[11.7912,-3.8267],[11.6472,-2.6116],[12.6553,-1.8825],[14.1314,-2.5595],[14.4914,-0.7367],[13.9514,-0.4069],[14.2034,1.1902],[13.1593,1.1555],[13.2673,2.1103],[15.9316,1.6242],[16.0756,2.1276],[16.5437,3.3081],[18.4878,3.5338],[17.9478,2.0929],[17.4437,-0.8409],[16.1116,-2.3338],[16.0036,-3.6705],[14.4554,-4.8857],[14.3474,-4.2954],[13.0153,-4.7642]]]]}},{"type":"Feature","properties":{"n":"Costa Rica","p":3},"geometry":{"type":"MultiPolygon","coordinates":[[[[-83.7624,10.8769],[-82.5743,9.5749],[-82.9703,8.0473],[-83.6184,9.1583],[-85.0945,9.5749],[-85.7786,10.1304],[-85.8506,11.0852],[-83.7624,10.8769]]]]}},{"type":"Feature","properties":{"n":"Cuba","p":3},"geometry":{"type":"MultiPolygon","coordinates":[[[[-82.1782,22.369],[-82.8623,22.6294],[-84.1944,21.8308],[-84.2664,22.5426],[-82.9703,23.0286],[-81.4221,23.1328],[-79.766,22.7509],[-77.3537,21.5183],[-75.5896,21.0149],[-74.1854,20.1817],[-75.5176,19.9039],[-77.6778,19.9039],[-77.2817,20.7024],[-78.4338,20.9628],[-78.7219,21.6225],[-79.73,21.6746],[-82.1782,22.369]]]]}},{"type":"Feature","properties":{"n":"Czechoslovakia","p":3},"geometry":{"type":"MultiPolygon","coordinates":[[[[18.3078,49.9534],[18.5599,49.4847],[19.784,49.2417],[21.5842,49.5021],[23.3123,48.7903],[24.0324,47.9571],[23.3123,48.0265],[22.3402,48.6688],[21.2601,48.7556],[17.2637,48.0612],[16.9037,48.7035],[15.0675,49.1549],[14.3114,48.9292],[13.0153,50.0229],[15.1035,50.6825],[16.2916,50.5263],[16.2556,49.7798],[18.0198,49.6062],[18.3078,49.9534]]]]}},{"type":"Feature","properties":{"n":"Denmark","p":3},"geometry":{"type":"MultiPolygon","coordinates":[[[[12.1152,54.7968],[12.1152,54.7968],[12.1152,54.7968],[12.1152,54.7968]]],[[[-26.3366,71.1322],[-27.5968,71.0628],[-28.3888,70.4552],[-27.4887,70.2121],[-24.5725,70.2989],[-22.1602,70.0559],[-26.9487,68.4935],[-32.0252,67.9901],[-33.2133,67.4693],[-34.4374,66.3757],[-35.6976,66.3583],[-35.9856,65.8549],[-37.5698,65.5424],[-37.1377,66.3236],[-38.0378,66.393],[-38.4698,65.6466],[-39.982,65.525],[-39.91,64.9522],[-41.0621,65.039],[-40.486,64.3446],[-41.4941,64.2751],[-40.5221,63.7891],[-41.3861,63.5287],[-41.8182,62.6954],[-43.2223,62.6781],[-42.2862,62.192],[-43.0063,59.8311],[-45.6346,60.5949],[-45.4545,60.89],[-47.6148,60.5949],[-48.9109,61.4282],[-49.1269,62.1052],[-50.063,62.3135],[-49.847,62.9732],[-51.3591,63.7196],[-50.135,64.7439],[-51.7912,64.2404],[-52.0792,65.3688],[-53.0873,65.8722],[-53.2673,66.9138],[-52.7993,67.7818],[-50.495,67.4867],[-50.495,67.9727],[-52.8353,68.5109],[-50.9631,68.5456],[-50.5671,69.8649],[-53.6634,70.351],[-54.3834,70.7329],[-52.3672,70.6635],[-50.8191,70.2469],[-51.7192,71.5836],[-53.3393,71.896],[-54.9955,71.3405],[-55.6436,71.7224],[-55.3555,72.7293],[-54.5635,72.8682],[-55.7876,73.7014],[-56.9397,74.9166],[-58.6319,75.7846],[-61.5122,76.2533],[-63.6364,76.3748],[-66.5527,75.9235],[-69.0369,76.288],[-68.3888,76.7741],[-70.5131,76.8262],[-71.1971,77.2602],[-67.7408,77.1907],[-66.1926,77.399],[-66.8047,77.7809],[-69.685,77.5553],[-72.5293,78.1629],[-72.3852,78.5274],[-69.2529,78.7878],[-67.9568,79.135],[-65.4725,79.1524],[-64.6085,79.9509],[-67.4167,80.2113],[-66.5167,80.7147],[-63.7084,81.0793],[-61.1161,81.1834],[-61.1161,81.791],[-60.036,81.8778],[-57.4437,81.4265],[-58.1278,82.0167],[-54.5635,82.3292],[-53.7714,82.2424],[-53.6634,81.4612],[-52.7993,82.1382],[-49.955,81.6695],[-50.8911,82.3639],[-49.631,82.4854],[-44.6985,81.7216],[-43.9424,82.4854],[-45.2025,82.9715],[-41.8902,83.2666],[-38.5779,82.8326],[-38.5779,83.3881],[-36.4896,83.5096],[-34.4374,83.4055],[-32.5293,83.5791],[-26.4086,83.336],[-25.3285,83.0062],[-22.4482,82.7458],[-22.5923,82.416],[-25.4725,82.225],[-28.3888,82.3118],[-32.6013,81.982],[-32.4212,81.6521],[-30.6571,81.8084],[-25.9766,81.8257],[-24.8605,81.6001],[-22.0522,81.9646],[-22.0522,81.548],[-24.1044,80.7668],[-23.3483,80.6279],[-21.1881,81.2876],[-19.3159,81.6001],[-17.9478,81.5133],[-16.4716,81.8952],[-14.2394,81.8431],[-12.6553,81.3918],[-14.2034,81.2182],[-16.4356,80.4543],[-19.0279,80.4196],[-20.18,79.8467],[-17.7678,79.9683],[-19.1719,79.6211],[-19.748,78.8746],[-20.8641,78.8225],[-21.7642,77.7636],[-19.1719,77.8157],[-20.108,77.3817],[-18.2358,77.2949],[-18.0558,76.8088],[-19.964,76.9477],[-22.3762,76.6352],[-19.568,76.1144],[-19.2079,75.4374],[-20.5041,75.3506],[-20.6121,74.9513],[-19.0639,74.6041],[-19.712,74.2049],[-21.7642,74.309],[-20.36,73.8056],[-20.324,73.4237],[-22.8083,73.3195],[-24.0684,73.7535],[-25.7606,73.3542],[-27.4527,73.2848],[-27.3447,72.8508],[-25.0765,72.6425],[-21.9082,71.4968],[-21.7282,70.3857],[-23.7444,70.5941],[-25.2925,71.5662],[-26.3366,71.1322]]],[[[-23.6724,72.4689],[-21.8722,72.3647],[-22.1602,72.0349],[-23.6724,72.4689]]],[[[-54.5635,69.6046],[-54.5995,70.2469],[-52.0792,69.7782],[-53.5554,69.2747],[-54.5635,69.6046]]],[[[8.9469,57.1403],[10.5671,57.7479],[10.243,57.0015],[8.9469,57.1403]]],[[[9.4869,54.9357],[8.6229,54.8836],[8.1908,56.4286],[10.207,56.8452],[10.7471,56.0988],[9.919,55.5085],[10.8191,55.3002],[9.4869,54.9357]]],[[[11.2871,55.1961],[11.1071,55.63],[12.4392,55.2481],[11.2871,55.1961]]],[[[-23.2763,65.7334],[-22.6643,66.393],[-21.2601,65.8896],[-21.0801,65.2126],[-18.6679,66.0979],[-16.9397,65.9764],[-16.3996,66.4625],[-13.6634,65.4903],[-13.6994,64.7786],[-16.5437,63.7891],[-18.6319,63.3204],[-20.396,63.7023],[-22.3762,63.7717],[-21.4761,64.3793],[-23.6004,64.7439],[-21.9802,64.9522],[-21.9442,65.3862],[-23.6724,65.3167],[-23.2763,65.7334]]],[[[14.8155,55.2828],[14.8155,55.2828],[14.8155,55.2828],[14.8155,55.2828]]],[[[11.8632,54.7447],[11.8632,54.7447],[11.8632,54.7447],[11.8632,54.7447]]]]}},{"type":"Feature","properties":{"n":"Dominica","p":3},"geometry":{"type":"MultiPolygon","coordinates":[[[[-61.3681,15.1994],[-61.3681,15.1994],[-61.3681,15.1994],[-61.3681,15.1994]]]]}},{"type":"Feature","properties":{"n":"Dominican Republic","p":3},"geometry":{"type":"MultiPolygon","coordinates":[[[[-71.6652,17.9943],[-71.7732,19.765],[-70.8731,19.9213],[-68.3888,18.5672],[-71.0531,18.3415],[-71.6652,17.9943]]]]}},{"type":"Feature","properties":{"n":"Dominion of Newfoundland","p":3},"geometry":{"type":"MultiPolygon","coordinates":[[[[-55.5716,51.3249],[-56.6517,50.0576],[-55.1035,49.2764],[-53.5194,49.2764],[-54.1314,48.8424],[-53.5914,47.7314],[-52.7273,47.4537],[-53.0873,46.7245],[-54.1314,47.1065],[-54.2034,47.8008],[-59.1719,47.662],[-58.1278,48.5994],[-58.1278,49.5021],[-56.6877,51.186],[-55.5716,51.3249]]],[[[-64.4284,60.0394],[-62.8803,58.6506],[-62.1962,57.4354],[-61.3321,56.8105],[-62.3402,56.7758],[-60.468,55.6648],[-60.5761,55.0745],[-59.676,55.1613],[-57.4437,54.5885],[-60.144,53.6858],[-60.252,53.2691],[-58.0918,54.085],[-55.7876,53.165],[-55.6436,52.1928],[-57.0117,51.4811],[-56.9757,51.9498],[-63.4203,51.9151],[-63.8524,52.3664],[-64.5365,51.5679],[-66.7687,52.6615],[-67.4527,54.7794],[-63.7444,54.7621],[-64.4284,60.0394]]]]}},{"type":"Feature","properties":{"n":"Dutch East Indies","p":3,"s":"Netherlands"},"geometry":{"type":"MultiPolygon","coordinates":[[[[140.8641,-2.8025],[140.9361,-9.2777],[139.964,-8.2361],[138.9199,-8.3229],[139.1719,-7.7327],[137.8398,-5.4238],[134.7795,-4.3128],[133.7354,-3.1844],[132.9433,-4.2607],[132.7633,-3.3927],[132.0072,-2.8199],[133.7714,-2.7157],[133.8434,-2.247],[132.2232,-2.3512],[131.2151,-1.0318],[132.2592,-0.5284],[133.9154,-1.0145],[134.2754,-2.8546],[135.2475,-3.5316],[136.2556,-2.4206],[137.8398,-1.6221],[140.8641,-2.8025]]],[[[130.7831,-3.8788],[129.919,-3.3927],[128.0468,-3.0629],[130.351,-3.1323],[130.7831,-3.8788]]],[[[126.6427,-3.8788],[126.6427,-3.8788],[126.6427,-3.8788],[126.6427,-3.8788]]],[[[138.1638,-8.5486],[138.1998,-7.6806],[138.8839,-7.7847],[138.1638,-8.5486]]],[[[122.9343,-8.375],[121.7102,-8.9999],[119.946,-8.9305],[120.5581,-8.3923],[121.4221,-8.7222],[122.9343,-8.375]]],[[[117.9298,-8.5486],[118.9739,-8.8784],[116.6697,-9.052],[116.9577,-8.5312],[117.9298,-8.5486]]],[[[115.0855,-8.7742],[115.0855,-8.7742],[115.0855,-8.7742],[115.0855,-8.7742]]],[[[103.7084,-0.025],[103.2403,-0.6673],[104.2844,-1.3617],[105.9406,-3.2191],[105.6526,-5.9273],[104.5725,-5.5974],[104.5725,-6.0661],[102.4482,-4.1739],[100.8281,-2.3338],[99.712,-0.1465],[99.0999,0.2181],[98.5959,1.711],[97.5878,2.2491],[96.7237,3.7074],[95.5716,4.5406],[95.1755,5.4086],[97.3717,5.1829],[98.1278,4.0719],[101.0441,2.0755],[102.4842,0.6173],[103.7084,-0.025]]],[[[127.6148,-0.025],[127.4347,0.9819],[128.5509,1.4506],[128.6229,1.0166],[127.6148,-0.025]]],[[[106.5527,-3.1671],[105.1845,-2.1081],[105.8686,-1.6221],[106.5527,-3.1671]]],[[[105.1845,-6.8647],[105.9406,-6.0314],[107.7768,-6.448],[108.5689,-6.9168],[110.045,-7.0383],[110.8011,-6.5348],[112.2772,-7.0209],[112.6733,-7.7153],[113.9334,-7.8195],[114.3294,-8.7916],[113.0693,-8.3402],[110.7651,-8.3229],[109.0369,-7.7153],[108.1728,-7.8542],[106.3366,-7.4375],[105.1845,-6.8647]]],[[[123.4743,-10.354],[123.6544,-9.7464],[125.0945,-8.7742],[127.0387,-8.4791],[123.4743,-10.354]]],[[[120.27,-10.3713],[118.9019,-9.6769],[119.802,-9.4513],[120.27,-10.3713]]],[[[117.5698,3.9851],[117.0657,3.499],[117.7138,1.9019],[118.7579,0.8257],[117.8578,0.8604],[117.0297,-0.9277],[116.0576,-1.9345],[116.3456,-2.4206],[115.5536,-3.8094],[114.5815,-4.2954],[114.1134,-3.358],[113.6094,-3.6184],[112.7813,-2.9761],[111.7372,-3.6531],[111.5932,-2.8025],[110.117,-3.0803],[109.937,-1.6394],[109.1809,-0.8756],[108.8209,0.8083],[109.505,1.8151],[110.5491,0.7215],[111.5572,0.7562],[112.6013,1.468],[113.6814,1.1381],[114.6535,1.5895],[115.5176,3.1692],[115.6976,4.1587],[117.5698,3.9851]]],[[[119.694,-0.025],[120.7741,1.1381],[122.7183,0.6694],[124.8425,1.0513],[124.2304,0.3049],[120.342,0.3569],[119.874,-0.459],[120.5221,-1.4485],[122.9703,-0.7194],[122.2142,-1.6568],[121.2781,-2.1081],[122.2502,-3.2191],[122.6463,-4.5211],[121.8902,-4.9551],[120.8821,-3.7226],[120.9901,-3.0455],[120.162,-3.0803],[120.234,-5.5801],[119.4779,-5.8057],[119.4779,-3.8094],[118.7939,-3.6705],[119.694,-0.025]]]]}},{"type":"Feature","properties":{"n":"Ecuador","p":3},"geometry":{"type":"MultiPolygon","coordinates":[[[[-73.0333,-2.8372],[-73.5734,-4.7815],[-74.6175,-5.1981],[-77.3177,-4.7468],[-78.0378,-4.8857],[-78.7219,-6.1182],[-79.4419,-5.8578],[-79.2979,-5.0072],[-80.27,-4.417],[-80.234,-3.4795],[-80.9541,-1.0318],[-80.342,-0.6673],[-80.09,0.8257],[-78.9379,1.3812],[-76.8497,0.1313],[-75.5176,-0.1465],[-75.2295,-0.945],[-73.0333,-2.8372]]]]}},{"type":"Feature","properties":{"n":"Egypt","p":3},"geometry":{"type":"MultiPolygon","coordinates":[[[[34.1494,31.205],[34.9415,29.417],[34.3294,27.8373],[33.3213,28.549],[32.6373,29.851],[32.3132,29.5385],[33.3573,27.9067],[35.1935,24.4],[35.7336,22.9071],[36.8137,21.9176],[24.9685,21.8829],[24.9325,29.1739],[24.7165,30.1461],[25.1125,31.5175],[26.1566,31.4828],[29.2529,30.7537],[30.9811,31.4654],[32.0612,31.0141],[34.1494,31.205]]]]}},{"type":"Feature","properties":{"n":"El Salvador","p":3},"geometry":{"type":"MultiPolygon","coordinates":[[[[-87.7588,13.4982],[-87.9388,13.1684],[-89.991,13.8801],[-89.3789,14.4703],[-87.7588,13.4982]]]]}},{"type":"Feature","properties":{"n":"Emirate of Bin Shal'an","p":3},"geometry":{"type":"MultiPolygon","coordinates":[[[[40.018,24.8861],[40.27,24.6778],[42.9703,24.9556],[42.8983,26.4832],[47.2187,28.8615],[47.2547,28.8615],[48.4428,28.4448],[48.8389,27.5248],[50.135,26.7436],[49.919,25.9624],[50.9631,24.4348],[51.1071,24.4],[51.9352,22.4905],[55.3555,22.0739],[55.7156,22.2995],[56.0396,21.2406],[51.7912,18.9838],[47.5068,17.5083],[46.4626,16.2584],[45.7786,15.3383],[39.874,24.7993],[40.018,24.8861]]]]}},{"type":"Feature","properties":{"n":"Empire of Japan","p":3},"geometry":{"type":"MultiPolygon","coordinates":[[[[129.1269,28.2539],[129.1269,28.2539],[129.1269,28.2539],[129.1269,28.2539]]],[[[129.955,29.9551],[129.955,29.9551],[129.955,29.9551],[129.955,29.9551]]],[[[129.883,29.8683],[129.883,29.8683],[129.883,29.8683],[129.883,29.8683]]],[[[130.8911,30.5106],[130.8911,30.5106],[130.8911,30.5106],[130.8911,30.5106]]],[[[130.459,30.4586],[130.459,30.4586],[130.459,30.4586],[130.459,30.4586]]],[[[128.6589,32.7848],[128.6589,32.7848],[128.6589,32.7848],[128.6589,32.7848]]],[[[123.9424,24.3653],[123.9424,24.3653],[123.9424,24.3653],[123.9424,24.3653]]],[[[125.3105,24.7125],[125.3105,24.7125],[125.3105,24.7125],[125.3105,24.7125]]],[[[124.1584,24.3306],[124.1584,24.3306],[124.1584,24.3306],[124.1584,24.3306]]],[[[127.7948,26.1881],[127.7948,26.1881],[127.7948,26.1881],[127.7948,26.1881]]],[[[126.6787,26.3617],[126.6787,26.3617],[126.6787,26.3617],[126.6787,26.3617]]],[[[128.8749,27.8546],[128.8749,27.8546],[128.8749,27.8546],[128.8749,27.8546]]],[[[128.5149,27.4206],[128.5149,27.4206],[128.5149,27.4206],[128.5149,27.4206]]],[[[129.955,28.3233],[129.955,28.3233],[129.955,28.3233],[129.955,28.3233]]],[[[129.1989,28.1844],[129.1989,28.1844],[129.1989,28.1844],[129.1989,28.1844]]],[[[129.703,29.66],[129.703,29.66],[129.703,29.66],[129.703,29.66]]],[[[139.2079,37.9232],[140.036,39.4856],[139.928,40.5792],[141.4401,41.2736],[141.9802,39.6765],[141.5122,38.4266],[140.8641,37.9232],[140.8281,35.6838],[139.82,34.8332],[140,35.4929],[138.1638,34.5207],[136.1836,33.9999],[135.7516,33.3403],[135.0675,33.6875],[135.3195,34.4686],[134.4194,34.6249],[132.0072,33.809],[130.7831,33.9652],[132.6553,35.3887],[135.1395,35.6491],[135.3555,35.3193],[137.2997,37.4371],[137.0477,36.6733],[139.2079,37.9232]]],[[[134.5275,34.0173],[133.9874,33.1493],[133.5194,33.3923],[132.6913,32.5417],[132.1152,33.3403],[132.7993,33.9131],[134.5275,34.0173]]],[[[130.459,32.2813],[129.3429,33.1493],[130.8551,33.6701],[131.8272,32.698],[130.7471,30.8926],[130.243,31.0314],[130.459,32.2813]]],[[[140.6121,43.3221],[141.2961,43.1832],[141.6922,43.9123],[141.5122,45.1795],[141.8722,45.4399],[143.0243,44.4678],[145.0765,43.7908],[145.4365,43.1658],[143.8524,42.7665],[143.2043,41.9333],[141.9442,42.5062],[140.252,42.2284],[141.1521,41.7423],[140.108,41.2736],[139.712,42.4714],[140.6121,43.3221]]],[[[146.2286,43.5304],[146.2286,43.5304],[146.2286,43.5304],[146.2286,43.5304]]],[[[146.5887,43.7387],[146.5887,43.7387],[146.5887,43.7387],[146.5887,43.7387]]],[[[146.1926,44.2768],[146.1926,44.2768],[146.1926,44.2768],[146.1926,44.2768]]],[[[148.2808,45.2143],[148.2808,45.2143],[148.2808,45.2143],[148.2808,45.2143]]],[[[149.4689,45.6135],[149.4689,45.6135],[149.4689,45.6135],[149.4689,45.6135]]],[[[150.8731,46.4468],[150.8731,46.4468],[150.8731,46.4468],[150.8731,46.4468]]],[[[150.7651,46.7245],[150.7651,46.7245],[150.7651,46.7245],[150.7651,46.7245]]],[[[152.5293,47.3148],[152.5293,47.3148],[152.5293,47.3148],[152.5293,47.3148]]],[[[153.0333,47.6967],[153.0333,47.6967],[153.0333,47.6967],[153.0333,47.6967]]],[[[153.2853,48.0612],[153.2853,48.0612],[153.2853,48.0612],[153.2853,48.0612]]],[[[154.1854,48.8424],[154.1854,48.8424],[154.1854,48.8424],[154.1854,48.8424]]],[[[153.8974,48.9466],[153.8974,48.9466],[153.8974,48.9466],[153.8974,48.9466]]],[[[154.4374,49.1549],[154.4374,49.1549],[154.4374,49.1549],[154.4374,49.1549]]],[[[154.8695,49.5368],[154.8695,49.5368],[154.8695,49.5368],[154.8695,49.5368]]],[[[154.3654,49.7451],[154.3654,49.7451],[154.3654,49.7451],[154.3654,49.7451]]],[[[151.8092,46.7766],[151.8092,46.7766],[151.8092,46.7766],[151.8092,46.7766]]],[[[155.2295,50.0576],[155.2295,50.0576],[155.2295,50.0576],[155.2295,50.0576]]],[[[156.4536,50.8735],[156.4536,50.8735],[156.4536,50.8735],[156.4536,50.8735]]],[[[155.6256,50.9256],[155.6256,50.9256],[155.6256,50.9256],[155.6256,50.9256]]],[[[142.0882,50.0055],[143.7444,50.0229],[144.5365,48.7556],[142.8443,49.1202],[142.4842,47.905],[143.4563,46.5683],[141.6202,46.5509],[142.0522,47.9571],[141.7282,48.8077],[142.0882,50.0055]]],[[[121.9982,24.9903],[121.4581,23.3237],[120.7021,21.9523],[120.054,23.1502],[120.9901,25.0076],[121.9982,24.9903]]],[[[126.4626,33.2361],[126.4626,33.2361],[126.4626,33.2361],[126.4626,33.2361]]],[[[126.6427,34.3124],[126.6427,34.3124],[126.6427,34.3124],[126.6427,34.3124]]],[[[127.1107,34.4686],[127.1107,34.4686],[127.1107,34.4686],[127.1107,34.4686]]],[[[127.7228,34.5207],[127.7228,34.5207],[127.7228,34.5207],[127.7228,34.5207]]],[[[126.1026,34.3818],[126.1026,34.3818],[126.1026,34.3818],[126.1026,34.3818]]],[[[127.7228,34.6075],[127.7228,34.6075],[127.7228,34.6075],[127.7228,34.6075]]],[[[125.9226,34.6943],[125.9226,34.6943],[125.9226,34.6943],[125.9226,34.6943]]],[[[125.9946,34.7638],[125.9946,34.7638],[125.9946,34.7638],[125.9946,34.7638]]],[[[127.9748,34.8505],[127.9748,34.8505],[127.9748,34.8505],[127.9748,34.8505]]],[[[125.9946,34.8853],[125.9946,34.8853],[125.9946,34.8853],[125.9946,34.8853]]],[[[128.0468,34.8158],[128.0468,34.8158],[128.0468,34.8158],[128.0468,34.8158]]],[[[128.6229,34.7117],[128.6229,34.7117],[128.6229,34.7117],[128.6229,34.7117]]],[[[126.0666,35.0936],[126.0666,35.0936],[126.0666,35.0936],[126.0666,35.0936]]],[[[126.3186,36.4303],[126.3186,36.4303],[126.3186,36.4303],[126.3186,36.4303]]],[[[126.1746,36.8295],[126.1746,36.8295],[126.1746,36.8295],[126.1746,36.8295]]],[[[130.8191,37.5066],[130.8191,37.5066],[130.8191,37.5066],[130.8191,37.5066]]],[[[119.3339,39.7807],[119.658,41.0479],[121.3141,42.6277],[121.7822,44.1553],[119.514,44.6067],[119.874,45.5962],[119.73,46.7245],[119.766,46.7419],[118.7579,47.8703],[117.9298,48.0439],[115.7336,47.7314],[115.5896,48.1133],[116.7777,49.9361],[117.4977,49.5889],[119.2979,50.127],[119.1539,50.5957],[120.7381,52.0019],[119.946,52.5921],[121.1701,53.3212],[123.3663,53.5122],[125.5266,53.165],[126.1746,52.5227],[127.5068,49.8666],[130.459,48.8945],[130.9271,47.7314],[132.2592,47.7835],[134.0954,48.2522],[134.7075,47.6967],[134.1674,47.3321],[133.3753,45.6482],[132.7633,44.9886],[131.7552,45.2663],[130.9991,44.815],[131.1431,43.2179],[130.423,42.2805],[129.631,41.6555],[129.4869,40.6834],[127.6868,39.8675],[127.2907,39.2252],[129.3429,37.2635],[129.1269,35.1109],[127.6508,34.6249],[126.2826,34.5902],[126.7867,35.8921],[126.2826,36.7775],[126.5347,37.6802],[125.2745,37.4892],[124.6985,38.1315],[125.3105,39.3641],[124.0864,39.8848],[123.0423,39.6765],[121.0621,38.7565],[121.2421,39.555],[122.1062,40.3536],[121.0261,40.857],[119.3339,39.7807]]],[[[124.6265,37.9579],[124.6265,37.9579],[124.6265,37.9579],[124.6265,37.9579]]],[[[142.2322,27.0387],[142.2322,27.0387],[142.2322,27.0387],[142.2322,27.0387]]],[[[142.1602,26.6047],[142.1602,26.6047],[142.1602,26.6047],[142.1602,26.6047]]],[[[141.3681,24.782],[141.3681,24.782],[141.3681,24.782],[141.3681,24.782]]]]}},{"type":"Feature","properties":{"n":"Equatorial Guinea","p":3,"s":"Spain"},"geometry":{"type":"MultiPolygon","coordinates":[[[[9.883,2.0582],[11.2151,2.0582],[11.2511,0.9124],[9.631,0.8951],[9.883,2.0582]]],[[[8.5869,3.065],[8.5869,3.065],[8.5869,3.065],[8.5869,3.065]]]]}},{"type":"Feature","properties":{"n":"Eritrea (Italy)","p":3,"s":"Italy"},"geometry":{"type":"MultiPolygon","coordinates":[[[[42.3222,12.3525],[40.5941,14.1231],[37.7138,14.8002],[36.4896,14.262],[36.4896,15.1994],[37.0297,16.9528],[38.6499,18.0638],[39.514,15.4598],[40.7381,14.9217],[43.0423,12.6996],[42.3222,12.3525]]]]}},{"type":"Feature","properties":{"n":"Estonia","p":3},"geometry":{"type":"MultiPolygon","coordinates":[[[[28.0288,59.4665],[27.3807,58.7895],[27.7768,57.8694],[27.3447,57.5222],[25.0765,58.0604],[24.3564,57.8694],[23.6724,58.234],[23.4203,59.1193],[25.4365,59.5012],[28.0288,59.4665]]]]}},{"type":"Feature","properties":{"n":"Ethiopia (Italy)","p":3,"s":"Italy"},"geometry":{"type":"MultiPolygon","coordinates":[[[[42.9343,10.8942],[42.7903,10.3387],[43.8704,9.0368],[46.9667,7.9257],[47.9028,7.8737],[44.9865,4.8184],[43.8704,4.8357],[41.7822,3.8289],[40.7381,4.1413],[39.55,3.3602],[38.0738,3.5685],[36.7417,4.3844],[35.8056,4.558],[34.6175,6.6411],[33.1413,8.3424],[34.0414,8.4292],[34.3654,10.6686],[34.9415,10.8248],[35.4815,12.4566],[36.1296,12.7691],[36.4896,14.262],[37.7138,14.8002],[40.5941,14.1231],[42.3222,12.3525],[41.8542,10.8595],[42.9343,10.8942]]]]}},{"type":"Feature","properties":{"n":"Fiji","p":3},"geometry":{"type":"MultiPolygon","coordinates":[[[[-178.7039,-20.6656],[-178.7039,-20.6656],[-178.7039,-20.6656],[-178.7039,-20.6656]]],[[[-178.1998,-19.8323],[-178.1998,-19.8323],[-178.1998,-19.8323],[-178.1998,-19.8323]]],[[[-178.3798,-19.1379],[-178.3798,-19.1379],[-178.3798,-19.1379],[-178.3798,-19.1379]]],[[[179.748,-19.1379],[179.748,-19.1379],[179.748,-19.1379],[179.748,-19.1379]]],[[[-178.5599,-19.19],[-178.5599,-19.19],[-178.5599,-19.19],[-178.5599,-19.19]]],[[[178.1638,-19.0685],[178.1638,-19.0685],[178.1638,-19.0685],[178.1638,-19.0685]]],[[[-178.9199,-18.9817],[-178.9199,-18.9817],[-178.9199,-18.9817],[-178.9199,-18.9817]]],[[[-179.856,-19.0164],[-179.856,-19.0164],[-179.856,-19.0164],[-179.856,-19.0164]]],[[[178.4878,-18.9296],[178.4878,-18.9296],[178.4878,-18.9296],[178.4878,-18.9296]]],[[[-178.4878,-18.6692],[-178.4878,-18.6692],[-178.4878,-18.6692],[-178.4878,-18.6692]]],[[[179.964,-18.5477],[179.964,-18.5477],[179.964,-18.5477],[179.964,-18.5477]]],[[[177.6598,-18.5824],[177.6598,-18.5824],[177.6598,-18.5824],[177.6598,-18.5824]]],[[[178.1638,-18.4088],[178.1638,-18.4088],[178.1638,-18.4088],[178.1638,-18.4088]]],[[[-178.7399,-18.2005],[-178.7399,-18.2005],[-178.7399,-18.2005],[-178.7399,-18.2005]]],[[[179.3519,-18.0964],[179.3519,-18.0964],[179.3519,-18.0964],[179.3519,-18.0964]]],[[[-178.9919,-17.9401],[-178.9919,-17.9401],[-178.9919,-17.9401],[-178.9919,-17.9401]]],[[[-178.3078,-17.888],[-178.3078,-17.888],[-178.3078,-17.888],[-178.3078,-17.888]]],[[[179.4239,-17.8533],[179.4239,-17.8533],[179.4239,-17.8533],[179.4239,-17.8533]]],[[[-179.2799,-17.7665],[-179.2799,-17.7665],[-179.2799,-17.7665],[-179.2799,-17.7665]]],[[[178.8119,-17.6276],[178.8119,-17.6276],[178.8119,-17.6276],[178.8119,-17.6276]]],[[[-179.1359,-17.4541],[-179.1359,-17.4541],[-179.1359,-17.4541],[-179.1359,-17.4541]]],[[[178.7039,-18.0269],[177.3357,-18.1137],[178.1638,-17.3499],[178.7039,-18.0269]]],[[[177.1197,-17.3152],[177.1197,-17.3152],[177.1197,-17.3152],[177.1197,-17.3152]]],[[[-179.1359,-17.2457],[-179.1359,-17.2457],[-179.1359,-17.2457],[-179.1359,-17.2457]]],[[[179.4239,-17.2457],[179.4239,-17.2457],[179.4239,-17.2457],[179.4239,-17.2457]]],[[[-179.0279,-17.1763],[-179.0279,-17.1763],[-179.0279,-17.1763],[-179.0279,-17.1763]]],[[[177.1917,-17.1242],[177.1917,-17.1242],[177.1917,-17.1242],[177.1917,-17.1242]]],[[[178.2718,-16.8291],[178.2718,-16.8291],[178.2718,-16.8291],[178.2718,-16.8291]]],[[[179.892,-16.968],[179.892,-16.968],[179.892,-16.968],[179.892,-16.968]]],[[[-179.928,-16.7076],[-179.928,-16.7076],[-179.928,-16.7076],[-179.928,-16.7076]]],[[[177.5518,-16.7249],[177.5518,-16.7249],[177.5518,-16.7249],[177.5518,-16.7249]]],[[[179.892,-16.6555],[179.892,-16.6555],[179.892,-16.6555],[179.892,-16.6555]]],[[[180,-16.534],[180,-16.534],[180,-16.534],[180,-16.534]]],[[[-180,-16.4993],[-180,-16.4993],[-180,-16.4993],[-180,-16.4993]]],[[[179.892,-16.2389],[179.964,-16.7423],[178.4878,-16.7597],[179.892,-16.2389]]]]}},{"type":"Feature","properties":{"n":"Finland","p":3},"geometry":{"type":"MultiPolygon","coordinates":[[[[28.6769,60.1609],[28.5329,60.6296],[23.2043,59.8137],[21.5482,60.5081],[21.5482,61.4802],[21.0441,62.4697],[24.4644,64.6397],[25.3285,64.7959],[25.2565,65.4209],[23.9604,65.8028],[23.4923,67.8339],[20.7921,68.9275],[21.6202,69.24],[22.4482,68.7019],[24.7885,68.4241],[25.6166,68.806],[26.5167,69.8129],[27.9208,69.8823],[29.1089,69.483],[28.7129,68.7019],[31.0531,69.6393],[32.2052,69.6219],[29.0729,67.9901],[29.937,67.5388],[29.0369,66.8791],[30.009,65.716],[29.613,64.9695],[30.369,64.1189],[30.009,63.6155],[32.8173,61.6018],[28.6769,60.1609]]]]}},{"type":"Feature","properties":{"n":"France","p":3},"geometry":{"type":"MultiPolygon","coordinates":[[[[6.9667,45.9434],[6.4986,45.1101],[7.5428,43.8602],[5.8146,43.0269],[4.0864,43.4957],[3.0783,42.9401],[3.0783,42.3673],[1.9262,42.4541],[1.7102,42.5062],[1.4941,42.645],[1.4581,42.6103],[-0.162,42.645],[-1.9262,43.3047],[-1.5662,43.5304],[-1.0621,46.0128],[-1.9982,47.037],[-4.3024,48.096],[-4.7705,48.5473],[-3.0783,48.8771],[-1.4581,48.6862],[-1.9262,49.7104],[-0.234,49.2938],[1.5662,50.2312],[1.6022,50.8214],[2.5383,51.0992],[2.8623,50.6825],[5.8146,49.5021],[6.4266,49.45],[8.1548,48.9813],[7.5068,47.6099],[6.4266,46.9329],[6.1746,46.2038],[6.3546,46.3426],[6.9667,45.9434]],[[7.1107,47.5057],[7.1107,47.5057],[7.1107,47.5057],[7.1107,47.5057]]],[[[6.1746,46.2558],[6.1746,46.2558],[6.1746,46.2558],[6.1746,46.2558]]],[[[6.2466,46.36],[6.2466,46.36],[6.2466,46.36],[6.2466,46.36]]],[[[6.2826,46.3947],[6.2826,46.3947],[6.2826,46.3947],[6.2826,46.3947]]],[[[6.3906,46.4642],[6.3906,46.4642],[6.3906,46.4642],[6.3906,46.4642]]],[[[6.5347,46.5162],[6.5347,46.5162],[6.5347,46.5162],[6.5347,46.5162]]],[[[6.5707,46.4989],[6.5707,46.4989],[6.5707,46.4989],[6.5707,46.4989]]],[[[6.6067,46.5162],[6.6067,46.5162],[6.6067,46.5162],[6.6067,46.5162]]],[[[6.7147,46.4815],[6.6787,46.4989],[6.7147,46.4815],[6.7147,46.4815]]],[[[6.8227,46.4642],[6.8227,46.4642],[6.8227,46.4642],[6.8227,46.4642]]],[[[6.8587,46.4468],[6.8587,46.4468],[6.8587,46.4468],[6.8587,46.4468]]],[[[6.8947,46.4468],[6.8947,46.4468],[6.8947,46.4468],[6.8947,46.4468]]],[[[6.9307,46.4121],[6.8947,46.4468],[6.9307,46.4121],[6.9307,46.4121]]],[[[6.8587,46.3947],[6.8587,46.3947],[6.8587,46.3947],[6.8587,46.3947]]],[[[8.6229,41.725],[8.6229,42.4888],[9.4149,42.8013],[9.1629,41.3431],[8.6229,41.725]]]]}},{"type":"Feature","properties":{"n":"French Cameroons","p":3,"s":"France"},"geometry":{"type":"MultiPolygon","coordinates":[[[[9.883,2.0582],[9.667,4.0198],[8.5869,4.7142],[8.8389,5.7037],[10.063,6.8842],[11.0711,6.3807],[13.1593,9.5228],[13.7714,11.0852],[14.4914,11.4845],[14.0234,13.0642],[14.9955,12.0226],[15.4635,9.9395],[14.3114,9.9742],[13.9154,9.5576],[14.9955,8.5333],[15.5716,7.5091],[14.4194,5.8252],[15.1395,3.6032],[16.0756,2.1276],[15.9316,1.6242],[13.2673,2.1103],[11.2151,2.0582],[9.883,2.0582]]]]}},{"type":"Feature","properties":{"n":"French Equatorial Africa","p":3,"s":"France"},"geometry":{"type":"MultiPolygon","coordinates":[[[[13.2673,2.1103],[13.1593,1.1555],[14.2034,1.1902],[13.9514,-0.4069],[14.4914,-0.7367],[14.1314,-2.5595],[12.6553,-1.8825],[11.6472,-2.6116],[11.7912,-3.8267],[11.1431,-3.9309],[9.667,-2.4206],[8.8029,-0.893],[9.631,0.8951],[11.2511,0.9124],[11.2151,2.0582],[13.2673,2.1103]]],[[[14.0234,13.0642],[13.5554,13.6544],[13.4833,14.4009],[15.4995,16.8833],[15.6796,19.5567],[15.9676,20.3205],[15.2115,21.4142],[14.9595,22.9766],[15.9676,23.3758],[23.9604,19.4699],[23.9604,15.7029],[23.0243,15.6855],[21.7642,12.8038],[22.2682,12.6823],[22.8083,10.9116],[23.6364,9.6617],[23.5284,8.6028],[25.2925,7.7174],[25.2925,7.3355],[26.9487,5.8773],[27.2367,5.1656],[25.4725,5.3044],[25.2205,4.8878],[23.4203,4.5406],[22.4122,4.0719],[20.5761,4.3323],[19.568,5.0788],[18.5959,4.3149],[18.4878,3.5338],[16.5437,3.3081],[16.0756,2.1276],[15.1395,3.6032],[14.4194,5.8252],[15.5716,7.5091],[14.9955,8.5333],[13.9154,9.5576],[14.3114,9.9742],[15.4635,9.9395],[14.9955,12.0226],[14.0234,13.0642]]]]}},{"type":"Feature","properties":{"n":"French Guiana","p":3},"geometry":{"type":"MultiPolygon","coordinates":[[[[-51.6112,4.2108],[-52.8353,2.0929],[-54.3834,2.2665],[-53.9874,3.3602],[-54.3834,4.6969],[-53.8434,5.6864],[-53.0153,5.426],[-51.6112,4.2108]]]]}},{"type":"Feature","properties":{"n":"French Indo-China","p":3,"s":"France"},"geometry":{"type":"MultiPolygon","coordinates":[[[[101.9802,22.5252],[104.4644,22.7856],[105.3285,23.289],[106.5887,22.9245],[107.0927,21.6572],[107.8848,21.4663],[106.8047,20.9108],[105.5446,18.845],[106.4446,17.543],[108.2448,16.0848],[108.7849,15.0953],[109.3249,12.908],[108.8209,11.2588],[108.0288,11.4845],[107.3807,12.3525],[107.3807,14.5918],[107.0927,16.1716],[104.8245,18.7234],[103.8884,19.3137],[104.7165,20.199],[104.1404,20.9455],[102.9883,20.9455],[101.9802,22.5252]]]]}},{"type":"Feature","properties":{"n":"French Somaliland","p":3},"geometry":{"type":"MultiPolygon","coordinates":[[[[42.9343,10.8942],[41.8542,10.8595],[42.3222,12.3525],[43.0423,12.6996],[43.2943,11.4671],[42.9343,10.8942]]]]}},{"type":"Feature","properties":{"n":"French West Africa","p":3,"s":"France"},"geometry":{"type":"MultiPolygon","coordinates":[[[[-16.5797,12.3177],[-16.7597,13.151],[-16.0036,13.1336],[-15.1035,13.7933],[-16.4716,13.5676],[-17.4437,14.8002],[-16.4356,16.1195],[-15.9676,18.1853],[-16.3636,20.5288],[-17.0117,21.31],[-13.0153,21.2753],[-13.1233,22.7856],[-12.0072,23.48],[-11.8992,25.5805],[-11.6472,25.9277],[-8.6949,25.9103],[-8.6229,27.1776],[-5.4905,25.4069],[1.0981,21.1364],[1.8542,20.1643],[3.0783,19.9039],[3.2223,18.9491],[5.7786,19.4525],[7.5428,20.9108],[11.9712,23.48],[13.5194,23.0634],[14.1674,22.5773],[14.9595,22.9766],[15.2115,21.4142],[15.9676,20.3205],[15.6796,19.5567],[15.4995,16.8833],[13.4833,14.4009],[13.5554,13.6544],[12.2592,13.0816],[10.423,13.3072],[9.0549,12.8212],[8.0828,13.2725],[6.8587,13.0642],[5.4905,13.7933],[4.1944,13.4808],[3.7264,12.5434],[3.8344,10.7033],[2.7543,8.8632],[2.7543,6.346],[1.7462,6.2592],[1.6022,9.0888],[0.9181,10.8942],[0.054,11.0678],[-2.7183,10.929],[-2.8983,10.7033],[-2.5383,8.2729],[-3.1863,6.6064],[-2.7543,5.0961],[-4.9865,5.235],[-7.5788,4.3497],[-7.3627,5.5996],[-8.5149,6.5196],[-8.2988,7.4397],[-9.4509,7.4223],[-9.631,8.3945],[-10.387,8.082],[-11.2871,9.9047],[-12.4032,9.8006],[-13.1593,8.8458],[-13.6634,9.9221],[-14.9955,11.1026],[-13.6994,11.8837],[-13.6994,12.6302],[-15.2115,12.6476],[-16.5797,12.3177]]]]}},{"type":"Feature","properties":{"n":"Gambia, The","p":3},"geometry":{"type":"MultiPolygon","coordinates":[[[[-16.4716,13.5676],[-15.1035,13.7933],[-16.0036,13.1336],[-16.7597,13.151],[-16.4716,13.5676]]]]}},{"type":"Feature","properties":{"n":"Germany","p":3},"geometry":{"type":"MultiPolygon","coordinates":[[[[22.7003,54.4149],[19.964,54.4322],[19.928,54.8489],[21.1521,55.2134],[22.5563,55.0572],[22.7003,54.4149]]],[[[17.2637,48.0612],[16.2556,46.8808],[14.1314,46.4294],[12.3672,46.7072],[12.0792,47.0891],[10.387,46.8808],[9.523,47.4884],[9.1989,47.6793],[9.1269,47.6793],[8.9829,47.6793],[7.5068,47.6099],[8.1548,48.9813],[6.4266,49.45],[6.1026,50.1097],[5.9946,50.7346],[5.9946,51.8109],[6.8227,51.9498],[7.1467,53.165],[7.1827,53.599],[8.5149,53.4427],[8.9469,54.0156],[8.6229,54.8836],[9.4869,54.9357],[10.7111,53.9635],[12.9433,54.3454],[13.7714,53.7726],[18.3078,54.71],[17.7318,53.6684],[16.2916,53.1476],[16.4356,52.2623],[17.5518,52.0887],[18.5599,50.4395],[18.3078,49.9534],[18.0198,49.6062],[16.2556,49.7798],[16.2916,50.5263],[15.1035,50.6825],[13.0153,50.0229],[14.3114,48.9292],[15.0675,49.1549],[16.9037,48.7035],[17.2637,48.0612]]]]}},{"type":"Feature","properties":{"n":"Gilbert and Elice Islands","p":3,"s":"United Kingdom"},"geometry":{"type":"MultiPolygon","coordinates":[[[[176.7957,-2.6116],[176.7957,-2.6116],[176.7957,-2.6116],[176.7957,-2.6116]]],[[[175.5356,-1.8304],[175.5356,-1.8304],[175.5356,-1.8304],[175.5356,-1.8304]]],[[[175.0675,-1.4658],[175.0675,-1.4658],[175.0675,-1.4658],[175.0675,-1.4658]]],[[[176.4716,-1.3964],[176.4716,-1.3964],[176.4716,-1.3964],[176.4716,-1.3964]]],[[[174.7435,-1.1533],[174.7435,-1.1533],[174.7435,-1.1533],[174.7435,-1.1533]]],[[[174.4554,-0.6673],[174.4554,-0.6673],[174.4554,-0.6673],[174.4554,-0.6673]]],[[[173.6274,0.1833],[173.6274,0.1833],[173.6274,0.1833],[173.6274,0.1833]]],[[[173.8074,0.4437],[173.8074,0.4437],[173.8074,0.4437],[173.8074,0.4437]]],[[[173.0513,0.9472],[173.0513,0.9472],[173.0513,0.9472],[173.0513,0.9472]]],[[[172.9433,1.9367],[172.9433,1.9367],[172.9433,1.9367],[172.9433,1.9367]]],[[[172.7633,3.0303],[172.7633,3.0303],[172.7633,3.0303],[172.7633,3.0303]]]]}},{"type":"Feature","properties":{"n":"Gold Coast","p":3,"s":"United Kingdom"},"geometry":{"type":"MultiPolygon","coordinates":[[[[0.054,11.0678],[-0.018,10.5644],[0.7381,8.2556],[0.5221,6.8147],[1.1701,6.0683],[-2.0342,4.6969],[-2.7543,5.0961],[-3.1863,6.6064],[-2.5383,8.2729],[-2.8983,10.7033],[-2.7183,10.929],[0.054,11.0678]]]]}},{"type":"Feature","properties":{"n":"Greece","p":3},"geometry":{"type":"MultiPolygon","coordinates":[[[[27.2007,37.3503],[26.4086,38.0968],[27.0207,38.8259],[26.9127,39.4682],[27.3807,39.6592],[28.3528,38.9301],[28.3888,38.01],[27.2007,37.3503]]],[[[23.4203,38.9474],[23.4203,38.9474],[23.4203,38.9474],[23.4203,38.9474]]],[[[24.3204,35.2151],[23.5284,35.5623],[26.1566,35.0241],[24.3204,35.2151]]],[[[21.0441,40.7355],[22.9163,41.2389],[24.4284,41.4819],[25.3645,41.1521],[26.3366,41.6382],[26.0126,40.666],[25.0045,41.0132],[23.8884,40.7355],[23.6004,40.1973],[22.4842,40.4924],[23.2403,39.2078],[22.4842,38.878],[23.8164,38.3398],[23.9964,37.767],[22.9883,37.9579],[22.9883,36.6212],[21.7642,36.8295],[21.2241,37.9058],[22.3402,38.4266],[21.1881,38.3398],[20.108,39.555],[21.0441,40.7355]]],[[[25.8686,36.3608],[25.8686,36.3608],[25.8686,36.3608],[25.8686,36.3608]]],[[[25.5086,36.4303],[25.5086,36.4303],[25.5086,36.4303],[25.5086,36.4303]]],[[[25.9406,36.9163],[25.9406,36.9163],[25.9406,36.9163],[25.9406,36.9163]]],[[[24.5725,36.8643],[24.5725,36.8643],[24.5725,36.8643],[24.5725,36.8643]]],[[[24.8605,36.6733],[24.8605,36.6733],[24.8605,36.6733],[24.8605,36.6733]]],[[[25.1845,36.6733],[25.1845,36.6733],[25.1845,36.6733],[25.1845,36.6733]]],[[[25.2925,36.8122],[25.2925,36.8122],[25.2925,36.8122],[25.2925,36.8122]]],[[[24.4284,37.1073],[24.4284,37.1073],[24.4284,37.1073],[24.4284,37.1073]]],[[[24.3924,37.576],[24.3924,37.576],[24.3924,37.576],[24.3924,37.576]]],[[[24.3564,37.2983],[24.3564,37.2983],[24.3564,37.2983],[24.3564,37.2983]]],[[[25.0405,37.3851],[25.0405,37.3851],[25.0405,37.3851],[25.0405,37.3851]]],[[[25.2565,37.5587],[25.2565,37.5587],[25.2565,37.5587],[25.2565,37.5587]]],[[[24.7885,36.9511],[24.7885,36.9511],[24.7885,36.9511],[24.7885,36.9511]]],[[[25.2925,37.0031],[25.2925,37.0031],[25.2925,37.0031],[25.2925,37.0031]]],[[[25.6166,37.1247],[25.6166,37.1247],[25.6166,37.1247],[25.6166,37.1247]]]]}},{"type":"Feature","properties":{"n":"Grenada","p":3},"geometry":{"type":"MultiPolygon","coordinates":[[[[-61.7642,12.0053],[-61.7642,12.0053],[-61.7642,12.0053],[-61.7642,12.0053]]],[[[-61.5842,12.3004],[-61.5842,12.3004],[-61.5842,12.3004],[-61.5842,12.3004]]],[[[-61.4401,12.4566],[-61.4401,12.4566],[-61.4401,12.4566],[-61.4401,12.4566]]]]}},{"type":"Feature","properties":{"n":"Guadeloupe","p":3},"geometry":{"type":"MultiPolygon","coordinates":[[[[-61.2601,15.8765],[-61.2601,15.8765],[-61.2601,15.8765],[-61.2601,15.8765]]],[[[-61.0441,16.3105],[-61.0441,16.3105],[-61.0441,16.3105],[-61.0441,16.3105]]],[[[-61.3321,16.3278],[-61.3321,16.3278],[-61.3321,16.3278],[-61.3321,16.3278]]],[[[-62.8083,17.8902],[-62.8083,17.8902],[-62.8083,17.8902],[-62.8083,17.8902]]]]}},{"type":"Feature","properties":{"n":"Guam","p":3,"s":"United States"},"geometry":{"type":"MultiPolygon","coordinates":[[[[144.7165,13.4808],[144.7165,13.4808],[144.7165,13.4808],[144.7165,13.4808]]]]}},{"type":"Feature","properties":{"n":"Guatemala","p":3},"geometry":{"type":"MultiPolygon","coordinates":[[[[-92.1512,14.5398],[-91.7552,16.1021],[-89.991,16.1021],[-89.991,16.8139],[-91.0711,16.918],[-90.9991,17.8381],[-89.1629,17.8381],[-89.2349,15.8938],[-88.9469,15.9112],[-88.2628,15.7549],[-89.3789,14.4703],[-89.991,13.8801],[-91.2511,13.9495],[-92.1512,14.5398]]]]}},{"type":"Feature","properties":{"n":"Guinea-Bissau","p":3},"geometry":{"type":"MultiPolygon","coordinates":[[[[-16.5797,12.3177],[-15.2115,12.6476],[-13.6994,12.6302],[-13.6994,11.8837],[-14.9955,11.1026],[-15.1035,11.8143],[-16.5797,12.3177]]]]}},{"type":"Feature","properties":{"n":"Guyana","p":3},"geometry":{"type":"MultiPolygon","coordinates":[[[[-60.5401,5.0093],[-61.2601,5.8773],[-61.0081,6.6758],[-60.216,6.9536],[-60.5761,7.5612],[-59.82,8.4465],[-58.6319,7.4918],[-58.5239,6.5543],[-58.0198,6.78],[-57.0477,5.8426],[-57.9838,3.9677],[-57.2637,3.256],[-56.7237,1.8846],[-58.8479,1.1555],[-59.64,1.7284],[-59.928,2.7352],[-59.4959,3.9677],[-60.5401,5.0093]]]]}},{"type":"Feature","properties":{"n":"Hail","p":3},"geometry":{"type":"MultiPolygon","coordinates":[[[[40.27,24.6778],[38.9739,25.6847],[39.55,27.6116],[40.9901,27.9935],[42.8623,27.0387],[42.9703,24.9556],[40.27,24.6778]]]]}},{"type":"Feature","properties":{"n":"Haiti","p":3},"geometry":{"type":"MultiPolygon","coordinates":[[[[-71.7732,19.765],[-71.6652,17.9943],[-74.2934,18.6887],[-72.7453,18.5151],[-72.6733,19.4005],[-73.4653,19.8345],[-71.7732,19.765]]]]}},{"type":"Feature","properties":{"n":"Hejaz","p":3},"geometry":{"type":"MultiPolygon","coordinates":[[[[43.8704,12.6649],[42.7903,15.4772],[42.7543,16.6403],[41.6382,18.0464],[40.7021,19.8692],[39.1539,21.2232],[39.1179,22.4037],[38.3258,23.8272],[38.0018,24.1049],[35.4455,27.7331],[34.7615,28.0976],[35.0855,29.2087],[36.5257,29.417],[36.6697,29.6079],[39.1179,26.2054],[38.9739,25.6847],[40.018,24.8861],[39.874,24.7993],[45.7786,15.3383],[45.5626,15.0606],[43.8704,12.6649]]]]}},{"type":"Feature","properties":{"n":"Honduras","p":3},"geometry":{"type":"MultiPolygon","coordinates":[[[[-88.2628,15.7549],[-84.6625,15.9285],[-83.4023,15.0085],[-84.8425,14.7654],[-85.7426,13.8627],[-86.6787,13.7759],[-87.3987,13.0295],[-87.7588,13.4982],[-89.3789,14.4703],[-88.2628,15.7549]]]]}},{"type":"Feature","properties":{"n":"Hong Kong","p":3,"s":"United Kingdom"},"geometry":{"type":"MultiPolygon","coordinates":[[[[113.9334,22.2995],[113.9334,22.2995],[113.9334,22.2995],[113.9334,22.2995]]],[[[114.0414,22.5078],[114.0414,22.5078],[114.0414,22.5078],[114.0414,22.5078]]]]}},{"type":"Feature","properties":{"n":"Hungary","p":3},"geometry":{"type":"MultiPolygon","coordinates":[[[[23.3123,48.0265],[22.0522,47.5578],[21.3321,46.5336],[20.324,46.1343],[17.8038,45.8045],[16.2556,46.8808],[17.2637,48.0612],[21.2601,48.7556],[22.3402,48.6688],[23.3123,48.0265]]]]}},{"type":"Feature","properties":{"n":"Iran","p":3},"geometry":{"type":"MultiPolygon","coordinates":[[[[44.1944,37.8711],[45.0585,37.9058],[45.4185,39.0342],[46.4626,38.8433],[47.8668,39.7112],[48.0108,38.8433],[48.8389,38.3051],[48.8389,37.5066],[50.027,37.2288],[50.5671,36.6907],[51.7912,36.4303],[53.8074,36.6733],[54.0234,37.3503],[55.3555,38.0447],[57.2277,38.1836],[59.2439,37.4545],[60.36,36.6039],[61.0081,36.6386],[61.2241,35.5797],[60.432,34.0694],[60.7921,31.5869],[61.7642,30.9099],[60.8281,29.8336],[61.6562,28.6532],[62.6643,28.2018],[63.2403,26.6742],[61.9442,26.1534],[61.5842,25.0424],[59.0279,25.3027],[57.2637,25.7888],[56.7957,26.9693],[55.8956,27.1081],[54.6355,26.3964],[52.9073,27.0561],[51.3591,28.0282],[50.135,30.0593],[48.5509,29.9898],[47.6868,30.8752],[47.7948,31.7953],[45.4905,33.7916],[46.2106,35.788],[45.3825,35.9268],[44.8065,37.1247],[44.1944,37.8711]]]]}},{"type":"Feature","properties":{"n":"Ireland","p":3},"geometry":{"type":"MultiPolygon","coordinates":[[[[-6.2106,53.9635],[-6.0306,52.8872],[-6.3906,52.2102],[-9.811,51.429],[-10.207,51.7588],[-9.3069,53.1129],[-10.171,53.3733],[-9.883,54.3281],[-8.5869,54.2066],[-8.3348,55.0919],[-7.4347,55.0572],[-8.1188,54.4496],[-6.2106,53.9635]]]]}},{"type":"Feature","properties":{"n":"Italian Somaliland","p":3,"s":"Italy"},"geometry":{"type":"MultiPolygon","coordinates":[[[[41.6022,-1.8825],[41.0621,-1.0839],[41.0261,2.7179],[41.7822,3.8289],[43.8704,4.8357],[44.9865,4.8184],[47.9028,7.8737],[48.6949,8.3945],[48.4428,11.2935],[49.3069,11.2414],[50.7111,11.9532],[51.2511,11.6581],[50.7831,9.3666],[48.4788,5.2003],[46.3546,2.6658],[43.7264,0.8083],[42.4302,-0.511],[41.6022,-1.8825]]]]}},{"type":"Feature","properties":{"n":"Italy","p":3},"geometry":{"type":"MultiPolygon","coordinates":[[[[8.4068,39.2078],[8.2268,40.857],[9.3069,41.1868],[9.811,40.5619],[9.4869,39.1384],[8.4068,39.2078]]],[[[13.8794,37.1594],[12.4392,37.767],[15.3915,38.201],[15.0315,36.7428],[13.8794,37.1594]]],[[[7.5428,43.8602],[6.4986,45.1101],[6.9667,45.9434],[8.3708,46.2906],[8.8749,45.8739],[10.387,46.8808],[12.0792,47.0891],[12.3672,46.7072],[14.1314,46.4294],[14.5275,45.2663],[13.8794,44.7629],[13.6634,45.7177],[12.1872,45.2143],[12.6913,43.9296],[13.5914,43.5304],[14.9235,41.968],[18.0198,40.5966],[16.9397,40.4751],[16.5437,39.6939],[17.0837,38.9127],[16.0396,37.9232],[16.2196,38.7738],[15.6796,40.0932],[14.8875,40.2494],[13.8074,41.1868],[12.6553,41.534],[10.7471,42.8533],[9.919,44.1032],[8.9109,44.4331],[7.5428,43.8602]]],[[[15.4635,44.2248],[15.3915,43.9644],[15.4635,44.2248],[15.4635,44.2248]]],[[[14.6355,44.9712],[14.6355,44.9712],[14.6355,44.9712],[14.6355,44.9712]]],[[[14.4554,44.7803],[14.4554,44.7803],[14.4554,44.7803],[14.4554,44.7803]]],[[[14.8515,44.7282],[14.8515,44.7282],[14.8515,44.7282],[14.8515,44.7282]]],[[[14.5275,44.4678],[14.5275,44.4678],[14.5275,44.4678],[14.5275,44.4678]]]]}},{"type":"Feature","properties":{"n":"Italy","p":3},"geometry":{"type":"MultiPolygon","coordinates":[[[[27.7768,35.8921],[27.7768,35.8921],[27.7768,35.8921],[27.7768,35.8921]]],[[[26.9847,36.9163],[26.9847,36.9163],[26.9847,36.9163],[26.9847,36.9163]]],[[[26.9847,36.6733],[26.9847,36.6733],[26.9847,36.6733],[26.9847,36.6733]]],[[[26.8767,37.0899],[26.8767,37.0899],[26.8767,37.0899],[26.8767,37.0899]]]]}},{"type":"Feature","properties":{"n":"Jamaica","p":3},"geometry":{"type":"MultiPolygon","coordinates":[[[[-77.2817,17.8034],[-78.3258,18.3589],[-76.4176,18.1159],[-77.2817,17.8034]]]]}},{"type":"Feature","properties":{"n":"Jordan","p":3},"geometry":{"type":"MultiPolygon","coordinates":[[[[35.6976,32.7153],[35.6976,32.7153],[35.6616,32.698],[35.6976,32.7153]]],[[[37.8218,32.7153],[38.7579,33.1667],[37.8218,32.7153],[37.8218,32.7153]]],[[[36.5257,29.417],[36.7057,29.6947],[36.6697,29.6079],[36.5257,29.417]]]]}},{"type":"Feature","properties":{"n":"Kenya","p":3,"s":"United Kingdom"},"geometry":{"type":"MultiPolygon","coordinates":[[[[41.6022,-1.8825],[40.9181,-2.0734],[39.2259,-4.851],[37.6418,-3.6879],[37.6058,-3.1671],[33.9334,-1.1186],[33.2493,-1.136],[33.8254,0.0792],[35.0495,1.6936],[34.0054,4.0198],[34.4374,4.5233],[35.8056,4.558],[36.7417,4.3844],[38.0738,3.5685],[39.55,3.3602],[40.7381,4.1413],[41.7822,3.8289],[41.0261,2.7179],[41.0621,-1.0839],[41.6022,-1.8825]]]]}},{"type":"Feature","properties":{"n":"Kuwait","p":3},"geometry":{"type":"MultiPolygon","coordinates":[[[[46.4986,28.9656],[47.2547,28.8615],[47.2187,28.8615],[46.4986,28.9656]]]]}},{"type":"Feature","properties":{"n":"Laos","p":3},"geometry":{"type":"MultiPolygon","coordinates":[[[[105.0405,14.2447],[105.4725,15.1474],[103.9244,18.2721],[103.2403,18.4457],[102.6643,17.8381],[101.8722,18.1159],[100.9001,17.5951],[101.0801,19.5567],[100.5041,19.4352],[100,20.4594],[101.0081,21.4489],[101.5842,21.2232],[101.9802,22.5252],[102.9883,20.9455],[104.1404,20.9455],[104.7165,20.199],[103.8884,19.3137],[104.8245,18.7234],[107.0927,16.1716],[107.3807,14.5918],[105.0405,14.2447]]]]}},{"type":"Feature","properties":{"n":"Latvia","p":3},"geometry":{"type":"MultiPolygon","coordinates":[[[[27.3447,57.5222],[28.1728,56.255],[27.5968,55.7863],[26.5887,55.6648],[24.8965,56.4112],[22.1242,56.4286],[20.9361,56.064],[21.6922,57.4702],[22.5563,57.609],[23.2043,56.9841],[24.3564,57.1577],[24.3564,57.8694],[25.0765,58.0604],[27.3447,57.5222]]]]}},{"type":"Feature","properties":{"n":"Lesotho","p":3,"s":"United Kingdom"},"geometry":{"type":"MultiPolygon","coordinates":[[[[27.8488,-30.7863],[27.0567,-29.7968],[28.6049,-28.7205],[29.4329,-29.4322],[29.0009,-30.144],[27.8488,-30.7863]]]]}},{"type":"Feature","properties":{"n":"Liberia","p":3},"geometry":{"type":"MultiPolygon","coordinates":[[[[-10.387,8.082],[-9.631,8.3945],[-9.4509,7.4223],[-8.2988,7.4397],[-8.5149,6.5196],[-7.3627,5.5996],[-7.5788,4.3497],[-9.2349,5.1656],[-11.4671,6.8494],[-10.387,8.082]]]]}},{"type":"Feature","properties":{"n":"Libya","p":3},"geometry":{"type":"MultiPolygon","coordinates":[[[[24.9685,21.8829],[24.9685,20.0428],[23.9964,19.9907],[23.9604,19.4699],[15.9676,23.3758],[14.9595,22.9766],[14.1674,22.5773],[13.5194,23.0634],[11.9712,23.48],[11.4311,24.2612],[10.423,24.4],[9.3789,26.0319],[9.847,26.4311],[9.559,30.2155],[10.135,31.4828],[11.4311,32.3334],[11.4671,33.1493],[12.5473,32.7327],[14.9955,32.3681],[15.8596,31.2918],[17.4077,30.9967],[18.9199,30.1982],[20.108,30.962],[20.36,32.2987],[21.6562,32.8195],[23.1683,32.1424],[24.8245,31.8994],[25.1125,31.5175],[24.7165,30.1461],[24.9325,29.1739],[24.9685,21.8829]]]]}},{"type":"Feature","properties":{"n":"Lithuania","p":3},"geometry":{"type":"MultiPolygon","coordinates":[[[[22.7003,54.4149],[22.5563,55.0572],[21.1521,55.2134],[20.9361,56.064],[22.1242,56.4286],[24.8965,56.4112],[26.5887,55.6648],[26.6247,55.1266],[24.9325,54.9704],[24.7885,53.9635],[23.5284,53.9114],[22.7003,54.4149]]]]}},{"type":"Feature","properties":{"n":"Luxembourg","p":3},"geometry":{"type":"MultiPolygon","coordinates":[[[[5.8146,49.5021],[6.1026,50.1097],[6.4266,49.45],[5.8146,49.5021]]]]}},{"type":"Feature","properties":{"n":"Madagascar (France)","p":3,"s":"France"},"geometry":{"type":"MultiPolygon","coordinates":[[[[44.6625,-16.2389],[46.4626,-15.857],[48.8749,-13.253],[49.1629,-12.2635],[49.811,-12.8364],[50.495,-15.3188],[49.4149,-17.1937],[49.3429,-18.2352],[47.2547,-24.7625],[46.8587,-25.2138],[45.2025,-25.6652],[44.0504,-24.9881],[43.8344,-23.4084],[43.2943,-22.4016],[43.5104,-21.4989],[44.5905,-19.5199],[43.9784,-17.5582],[44.6625,-16.2389]]]]}},{"type":"Feature","properties":{"n":"Malawi","p":3},"geometry":{"type":"MultiPolygon","coordinates":[[[[34.5095,-11.6039],[34.7255,-13.5308],[35.8776,-14.8327],[35.8056,-16.0653],[35.2295,-17.1589],[34.2214,-15.857],[34.2574,-14.5029],[33.1053,-14.0516],[32.7093,-13.5829],[33.2493,-12.1073],[33.2493,-10.8574],[33.6454,-10.4408],[33.2133,-9.6596],[34.2574,-10.3192],[34.5095,-11.6039]]]]}},{"type":"Feature","properties":{"n":"Malaysia","p":3,"s":"United Kingdom"},"geometry":{"type":"MultiPolygon","coordinates":[[[[102.0882,6.1551],[103.3483,4.801],[103.3123,3.0303],[104.1764,1.3812],[103.4203,1.3812],[101.3321,2.7873],[100.6481,3.8983],[100.144,6.346],[101.7642,5.5822],[102.0882,6.1551]]],[[[109.505,1.8151],[110.8011,1.2423],[111.3771,2.5963],[112.7453,3.013],[114.0774,4.4538],[115.1575,4.3149],[114.9775,4.8704],[115.7336,5.4607],[116.5977,6.9015],[117.4977,6.3981],[117.3537,5.7905],[119.0459,5.1656],[118.1098,4.9399],[118.3978,4.367],[117.5698,3.9851],[115.6976,4.1587],[115.5176,3.1692],[114.6535,1.5895],[113.6814,1.1381],[112.6013,1.468],[111.5572,0.7562],[110.5491,0.7215],[109.505,1.8151]]]]}},{"type":"Feature","properties":{"n":"Mandatory Palestine (GB)","p":3,"s":"United Kingdom of Great Britain and Ireland"},"geometry":{"type":"MultiPolygon","coordinates":[[[[34.1494,31.205],[34.9775,32.941],[35.6976,32.7153],[35.6976,32.7153],[35.6616,32.698],[35.5896,31.5349],[34.9775,29.4691],[34.9415,29.417],[34.1494,31.205]]]]}},{"type":"Feature","properties":{"n":"Martinique","p":3},"geometry":{"type":"MultiPolygon","coordinates":[[[[-60.8641,14.4009],[-60.8641,14.4009],[-60.8641,14.4009],[-60.8641,14.4009]]]]}},{"type":"Feature","properties":{"n":"Mesopotamia (GB)","p":3,"s":"United Kingdom of Great Britain and Ireland"},"geometry":{"type":"MultiPolygon","coordinates":[[[[48.4428,28.4448],[47.2547,28.8615],[47.2187,28.8615],[46.4986,28.9656],[44.6985,29.0351],[43.6184,29.4691],[43.5464,30.285],[39.3339,32.1424],[37.1017,31.3613],[37.9298,30.3718],[36.7057,29.6947],[36.6697,29.6079],[36.5257,29.417],[35.0855,29.2087],[34.9775,29.4691],[35.5896,31.5349],[35.6616,32.698],[35.6976,32.7153],[36.8497,32.264],[38.7579,33.1667],[41.1341,34.4339],[41.2781,36.1872],[42.9343,37.333],[44.8065,37.1247],[45.3825,35.9268],[46.2106,35.788],[45.4905,33.7916],[47.7948,31.7953],[47.6868,30.8752],[48.5509,29.9898],[47.9028,29.8857],[48.4428,28.4448]]]]}},{"type":"Feature","properties":{"n":"Mexico","p":3},"geometry":{"type":"MultiPolygon","coordinates":[[[[-97.2637,25.8062],[-97.8398,24.2091],[-97.8758,22.3342],[-97.5158,21.1885],[-96.0036,18.9318],[-94.2394,18.2374],[-89.991,19.3831],[-89.991,21.1538],[-88.3348,21.5878],[-87.1827,21.5357],[-86.9307,20.9802],[-87.6508,20.1817],[-87.8668,18.3762],[-88.3348,18.4978],[-89.1629,17.8381],[-90.9991,17.8381],[-91.0711,16.918],[-89.991,16.8139],[-89.991,16.1021],[-91.7552,16.1021],[-92.1512,14.5398],[-94.0594,16.1195],[-95.1395,16.2931],[-96.3276,15.7549],[-97.8758,16.0501],[-101.2241,17.4215],[-101.9802,18.0291],[-103.4923,18.3589],[-104.9325,19.4352],[-105.6886,20.4073],[-105.2925,20.6677],[-105.5446,22.2822],[-108.0288,24.9729],[-109.2529,25.6499],[-109.1449,26.2922],[-110.369,27.2123],[-110.6211,27.8546],[-111.7012,28.4969],[-112.6373,29.9204],[-113.0693,31.1356],[-114.8335,31.8126],[-114.6895,30.1461],[-112.8533,28.3407],[-111.9172,26.6568],[-111.5932,26.761],[-110.8011,24.8861],[-109.505,23.1849],[-110.225,23.3932],[-112.1692,25.0076],[-112.4212,26.1881],[-114.4734,27.247],[-114.0774,28.4275],[-115.5896,29.6774],[-117.1737,32.5244],[-114.8695,32.6285],[-111.0891,31.3092],[-108.3888,31.2745],[-108.2448,31.7258],[-106.5527,31.7085],[-105.1125,30.6148],[-104.5725,29.5732],[-103.6004,29.0524],[-102.4482,29.6947],[-101.0441,29.3302],[-99.604,27.4727],[-99.0999,26.4138],[-97.2637,25.8062]]]]}},{"type":"Feature","properties":{"n":"Mongolia","p":3},"geometry":{"type":"MultiPolygon","coordinates":[[[[119.766,46.7419],[119.586,46.6551],[118.3258,46.7419],[116.4896,46.3079],[115.6256,45.492],[114.6535,45.4747],[113.7534,44.8671],[112.0972,45.1448],[111.4131,44.3984],[111.9532,43.8602],[109.3969,42.4367],[107.3447,42.4194],[104.8245,41.5861],[101.7282,42.5409],[98.2358,42.593],[96.3276,42.7839],[95.2475,44.2768],[93.5194,44.9365],[89.991,45.3358],[89.991,46.0128],[91.1431,46.5509],[89.991,46.8461],[89.991,47.8529],[88.2268,48.5299],[87.8668,49.2243],[89.811,49.8146],[89.991,50.3006],[92.1512,50.752],[94.2034,50.5437],[94.7075,50.0229],[97.4077,49.7798],[98.2358,50.2486],[97.9118,51.0992],[98.9199,52.0366],[102.1242,51.3596],[102.6283,50.4569],[103.6724,50.1618],[106.3366,50.4221],[109.4329,49.2938],[112.5293,49.4674],[114.1134,50.2659],[115.7336,49.8666],[116.7777,49.9361],[115.5896,48.1133],[115.7336,47.7314],[117.9298,48.0439],[118.7579,47.8703],[119.766,46.7419]]]]}},{"type":"Feature","properties":{"n":"Montserrat","p":3},"geometry":{"type":"MultiPolygon","coordinates":[[[[-62.1602,16.675],[-62.1602,16.675],[-62.1602,16.675],[-62.1602,16.675]]]]}},{"type":"Feature","properties":{"n":"Morocco (France)","p":3,"s":"France"},"geometry":{"type":"MultiPolygon","coordinates":[[[[-2.1782,35.0589],[-1.7462,34.6075],[-1.6742,33.2535],[-1.2421,31.9862],[-2.8263,31.9862],[-3.7624,31.5522],[-3.7264,30.8926],[-6.4266,29.4691],[-7.1827,29.4691],[-8.5869,28.6358],[-8.6589,27.5595],[-13.1233,27.5421],[-11.5752,28.2365],[-9.667,29.9551],[-9.811,31.2918],[-9.2349,32.5764],[-8.2988,33.3403],[-7.0027,33.8784],[-5.9226,35.7359],[-4.5905,35.1457],[-3.0063,35.3887],[-2.1782,35.0589]]]]}},{"type":"Feature","properties":{"n":"Mozambique (Portugal)","p":3,"s":"Portugal"},"geometry":{"type":"MultiPolygon","coordinates":[[[[32.8533,-26.9845],[32.1692,-27.0019],[32.0252,-26.0818],[31.9172,-24.3458],[31.2691,-22.5578],[32.4212,-21.4294],[33.0693,-19.9191],[32.6733,-18.9643],[33.0333,-18.3741],[32.8533,-16.777],[30.405,-15.666],[30.369,-14.989],[33.1053,-14.0516],[34.2574,-14.5029],[34.2214,-15.857],[35.2295,-17.1589],[35.8056,-16.0653],[35.8776,-14.8327],[34.7255,-13.5308],[34.5095,-11.6039],[35.9496,-11.4303],[36.4176,-11.7601],[38.6139,-11.4303],[40.45,-10.4755],[40.306,-11.3435],[40.6301,-14.4856],[40.378,-15.7354],[39.4779,-16.7249],[37.2817,-17.7144],[34.7255,-19.867],[35.2655,-22.28],[35.5176,-22.1932],[35.4455,-24.2243],[33.3573,-25.3006],[32.4932,-26.0644],[32.8533,-26.9845]]]]}},{"type":"Feature","properties":{"n":"Muscat and Oman","p":3,"s":"United Kingdom of Great Britain and Ireland"},"geometry":{"type":"MultiPolygon","coordinates":[[[[56.1476,25.9624],[56.1476,25.4763],[56.1476,25.9624],[56.1476,25.9624]]],[[[56.3996,24.9208],[56.7957,24.2612],[58.6319,23.4626],[59.82,22.2822],[58.5239,20.4247],[57.8038,20.1643],[57.8398,19.0359],[55.5716,17.9423],[54.9235,16.9701],[53.0153,16.6576],[51.7912,18.9838],[56.0396,21.2406],[55.7156,22.2995],[55.6436,23.7404],[56.3996,24.9208]]]]}},{"type":"Feature","properties":{"n":"Nepal","p":3},"geometry":{"type":"MultiPolygon","coordinates":[[[[88.1908,27.872],[88.0828,26.4485],[85.3825,26.761],[84.1224,27.5421],[83.3303,27.3685],[80.09,28.9483],[81.0261,30.2502],[82.2142,30.094],[85.1305,28.3407],[86.4626,27.9414],[88.1908,27.872]]]]}},{"type":"Feature","properties":{"n":"Netherlands","p":3},"geometry":{"type":"MultiPolygon","coordinates":[[[[7.1467,53.165],[6.8227,51.9498],[5.9946,51.8109],[5.9946,50.7346],[4.8065,51.4811],[3.7624,51.3943],[4.6265,52.7483],[5.7426,52.3317],[5.3825,53.1303],[7.1467,53.165]]]]}},{"type":"Feature","properties":{"n":"Netherlands Antilles","p":3},"geometry":{"type":"MultiPolygon","coordinates":[[[[-68.2088,12.2136],[-68.2088,12.2136],[-68.2088,12.2136],[-68.2088,12.2136]]],[[[-68.9649,12.1962],[-68.9649,12.1962],[-68.9649,12.1962],[-68.9649,12.1962]]],[[[-62.9523,17.4562],[-62.9523,17.4562],[-62.9523,17.4562],[-62.9523,17.4562]]]]}},{"type":"Feature","properties":{"n":"New Caledonia","p":3,"s":"France"},"geometry":{"type":"MultiPolygon","coordinates":[[[[167.7948,-21.3773],[167.7948,-21.3773],[167.7948,-21.3773],[167.7948,-21.3773]]],[[[167.5428,-22.5925],[167.5428,-22.5925],[167.5428,-22.5925],[167.5428,-22.5925]]],[[[166.8227,-22.471],[166.8227,-22.471],[166.8227,-22.471],[166.8227,-22.471]]],[[[164.5545,-20.3705],[166.9667,-22.0891],[166.9307,-22.4016],[165.2745,-21.5856],[164.3744,-20.7871],[164.5545,-20.3705]]],[[[167.4347,-21.1517],[167.4347,-21.1517],[167.4347,-21.1517],[167.4347,-21.1517]]],[[[166.6067,-20.5961],[166.6067,-20.5961],[166.6067,-20.5961],[166.6067,-20.5961]]],[[[164.2304,-20.1274],[164.2304,-20.1274],[164.2304,-20.1274],[164.2304,-20.1274]]],[[[163.9784,-20.0754],[163.9784,-20.0754],[163.9784,-20.0754],[163.9784,-20.0754]]],[[[163.6544,-19.6934],[163.6544,-19.6934],[163.6544,-19.6934],[163.6544,-19.6934]]]]}},{"type":"Feature","properties":{"n":"New Hebrides","p":3,"s":"France"},"geometry":{"type":"MultiPolygon","coordinates":[[[[169.883,-20.1795],[169.883,-20.1795],[169.883,-20.1795],[169.883,-20.1795]]],[[[169.4869,-19.5199],[169.4869,-19.5199],[169.4869,-19.5199],[169.4869,-19.5199]]],[[[169.1629,-18.6345],[169.1629,-18.6345],[169.1629,-18.6345],[169.1629,-18.6345]]],[[[167.3987,-16.2736],[167.3987,-16.2736],[167.3987,-16.2736],[167.3987,-16.2736]]],[[[168.1548,-17.7492],[168.1548,-17.7492],[168.1548,-17.7492],[168.1548,-17.7492]]],[[[168.2988,-16.7944],[168.2988,-16.7944],[168.2988,-16.7944],[168.2988,-16.7944]]],[[[168.1908,-16.5166],[168.1908,-16.5166],[168.1908,-16.5166],[168.1908,-16.5166]]],[[[168.2268,-16.343],[168.2268,-16.343],[168.2268,-16.343],[168.2268,-16.343]]],[[[168.1908,-15.5271],[168.1908,-15.5271],[168.1908,-15.5271],[168.1908,-15.5271]]],[[[167.0747,-15.6313],[167.0747,-15.6313],[167.0747,-15.6313],[167.0747,-15.6313]]],[[[167.1827,-15.5271],[167.1827,-15.5271],[167.1827,-15.5271],[167.1827,-15.5271]]],[[[167.9028,-15.2841],[167.9028,-15.2841],[167.9028,-15.2841],[167.9028,-15.2841]]],[[[166.9667,-14.9543],[166.9667,-14.9543],[166.9667,-14.9543],[166.9667,-14.9543]]],[[[167.4347,-14.1557],[167.4347,-14.1557],[167.4347,-14.1557],[167.4347,-14.1557]]],[[[167.4347,-13.7391],[167.4347,-13.7391],[167.4347,-13.7391],[167.4347,-13.7391]]],[[[167.7228,-13.6697],[167.7228,-13.6697],[167.7228,-13.6697],[167.7228,-13.6697]]],[[[167.3627,-13.4961],[167.3627,-13.4961],[167.3627,-13.4961],[167.3627,-13.4961]]],[[[166.7147,-13.4266],[166.7147,-13.4266],[166.7147,-13.4266],[166.7147,-13.4266]]],[[[166.6427,-13.2183],[166.6427,-13.2183],[166.6427,-13.2183],[166.6427,-13.2183]]],[[[166.5707,-13.0794],[166.5707,-13.0794],[166.5707,-13.0794],[166.5707,-13.0794]]],[[[168.1548,-14.9716],[168.1548,-14.9716],[168.1548,-14.9716],[168.1548,-14.9716]]],[[[166.7867,-11.5691],[166.7867,-11.5691],[166.7867,-11.5691],[166.7867,-11.5691]]],[[[166.5707,-11.274],[166.5707,-11.274],[166.5707,-11.274],[166.5707,-11.274]]],[[[165.8146,-10.84],[165.8146,-10.84],[165.8146,-10.84],[165.8146,-10.84]]]]}},{"type":"Feature","properties":{"n":"New Zealand","p":3},"geometry":{"type":"MultiPolygon","coordinates":[[[[175.3195,-37.3135],[175.8236,-37.0184],[176.1116,-37.7996],[177.5158,-38.1988],[178.5599,-37.9211],[178.4158,-38.7717],[177.0117,-39.4487],[177.1557,-39.848],[176.0036,-41.2541],[174.8875,-41.2888],[175.3555,-40.2993],[173.8074,-39.414],[174.6715,-38.98],[174.7795,-37.2961],[172.6193,-34.5533],[174.2034,-35.3345],[175.3195,-37.3135]]],[[[172.0792,-43.9275],[171.3951,-44.3441],[170.6031,-45.9412],[169.4149,-46.7051],[168.4068,-46.653],[166.5347,-45.9586],[168.4068,-44.2226],[171.0351,-42.8859],[172.0792,-41.7055],[172.4392,-40.7507],[173.2673,-41.5492],[174.0594,-41.2888],[174.2394,-42.0179],[172.0792,-43.9275]]]]}},{"type":"Feature","properties":{"n":"Nicaragua","p":3},"geometry":{"type":"MultiPolygon","coordinates":[[[[-85.8506,11.0852],[-87.6868,13.0121],[-87.3987,13.0295],[-86.6787,13.7759],[-85.7426,13.8627],[-84.8425,14.7654],[-83.4023,15.0085],[-83.9064,11.2588],[-83.7624,10.8769],[-85.8506,11.0852]]]]}},{"type":"Feature","properties":{"n":"Nigeria","p":3,"s":"United Kingdom"},"geometry":{"type":"MultiPolygon","coordinates":[[[[14.0234,13.0642],[14.4914,11.4845],[13.7714,11.0852],[13.1593,9.5228],[11.0711,6.3807],[10.063,6.8842],[8.8389,5.7037],[8.5869,4.7142],[6.1026,4.3323],[5.4545,5.478],[3.9424,6.5717],[2.7543,6.346],[2.7543,8.8632],[3.8344,10.7033],[3.7264,12.5434],[4.1944,13.4808],[5.4905,13.7933],[6.8587,13.0642],[8.0828,13.2725],[9.0549,12.8212],[10.423,13.3072],[12.2592,13.0816],[13.5554,13.6544],[14.0234,13.0642]]]]}},{"type":"Feature","properties":{"n":"Niue","p":3},"geometry":{"type":"MultiPolygon","coordinates":[[[[-169.883,-19.1379],[-169.883,-19.1379],[-169.883,-19.1379],[-169.883,-19.1379]]]]}},{"type":"Feature","properties":{"n":"Northern Rhodesia","p":3,"s":"United Kingdom"},"geometry":{"type":"MultiPolygon","coordinates":[[[[23.2403,-17.6624],[21.9802,-16.3778],[21.9442,-13.0794],[23.7804,-13.01],[24.1044,-12.385],[23.9244,-11.0483],[27.4527,-12.1941],[29.0009,-13.4266],[29.793,-13.4613],[29.757,-12.2288],[28.9289,-12.2982],[28.3168,-11.5171],[28.6049,-10.5276],[28.4608,-9.3124],[29.0369,-8.5486],[30.6571,-8.2882],[33.2133,-9.6596],[33.6454,-10.4408],[33.2493,-10.8574],[33.2493,-12.1073],[32.7093,-13.5829],[33.1053,-14.0516],[30.369,-14.989],[30.405,-15.666],[29.0729,-16.0132],[27.9928,-16.777],[26.8767,-18.1137],[25.3285,-18.0096],[25.0045,-17.8186],[23.2403,-17.6624]]]]}},{"type":"Feature","properties":{"n":"Norway","p":3},"geometry":{"type":"MultiPolygon","coordinates":[[[[21.9802,79.7773],[18.3438,79.8815],[19.928,80.6279],[22.1962,80.1245],[24.4284,80.437],[27.2007,79.9509],[23.8164,79.1524],[21.0081,79.1871],[21.9802,79.7773]]],[[[13.2673,79.7947],[14.1674,79.3607],[14.8155,79.812],[16.3996,79.2392],[16.3276,80.0203],[17.8398,79.812],[20.9001,78.8052],[19.0999,78.458],[18.3798,77.5379],[16.6517,76.722],[14.4914,77.3643],[16.4356,77.9025],[14.1314,77.7636],[13.9154,78.0066],[16.6157,78.4753],[15.0675,78.7878],[13.6274,78.267],[11.7552,78.8746],[11.2871,79.7079],[13.2673,79.7947]]],[[[11.1791,59.0673],[10.423,59.5012],[8.1908,58.1645],[6.9667,57.9736],[5.3825,58.7201],[6.2466,59.2756],[5.0945,59.5012],[5.8866,60.1609],[5.0945,60.2651],[5.1665,61.7406],[7.0747,62.9037],[9.1989,63.2856],[10.063,64.0495],[11.3951,64.6223],[12.6913,65.907],[13.5914,66.1847],[13.7354,66.9138],[15.3915,67.4693],[18.3078,69.3615],[19.568,69.1879],[22.3042,70.2121],[23.2043,69.9344],[23.8164,70.4725],[25.8326,70.8892],[25.2565,70.108],[26.5887,70.9065],[26.6247,70.3857],[28.2088,71.0107],[30.477,70.542],[30.261,70.1253],[28.7129,70.1427],[29.721,69.6914],[31.0531,69.6393],[28.7129,68.7019],[29.1089,69.483],[27.9208,69.8823],[26.5167,69.8129],[25.6166,68.806],[24.7885,68.4241],[22.4482,68.7019],[21.6202,69.24],[20.7921,68.9275],[20.18,68.9622],[19.856,68.1637],[18.1638,68.4762],[17.9118,67.8686],[17.0837,67.9033],[16.2196,66.827],[15.0315,66.0632],[13.7354,64.5529],[14.1674,64.1189],[12.5833,63.7891],[11.9352,62.5565],[12.0792,61.7059],[12.7993,61.324],[12.1872,60.9595],[12.4392,60.0394],[11.1791,59.0673]]]]}},{"type":"Feature","properties":{"n":"Oman (British Raj)","p":3,"s":"United Kingdom"},"geometry":{"type":"MultiPolygon","coordinates":[[[[56.3996,24.9208],[56.7957,24.2612],[58.6319,23.4626],[59.82,22.2822],[58.5239,20.4247],[57.8038,20.1643],[57.8398,19.0359],[55.5716,17.9423],[54.9235,16.9701],[53.0153,16.6576],[51.7912,18.9838],[56.0396,21.2406],[55.7156,22.2995],[55.6436,23.7404],[56.3996,24.9208]]]]}},{"type":"Feature","properties":{"n":"Panama","p":3},"geometry":{"type":"MultiPolygon","coordinates":[[[[-82.5743,9.5749],[-82.2142,9.0541],[-80.9541,8.8632],[-79.514,9.6443],[-78.2538,9.384],[-77.4977,8.6548],[-77.1377,7.9778],[-77.8938,7.1793],[-78.3978,8.3945],[-79.0819,9.0368],[-80.414,8.0646],[-80.6661,7.2487],[-81.1341,7.9431],[-82.3942,8.325],[-82.9703,8.0473],[-82.5743,9.5749]]]]}},{"type":"Feature","properties":{"n":"Paraguay","p":3},"geometry":{"type":"MultiPolygon","coordinates":[[[[-54.5635,-25.752],[-54.8155,-26.5505],[-55.7156,-27.4532],[-58.6679,-27.2275],[-57.6958,-25.3353],[-61.2241,-23.6167],[-62.5923,-22.1585],[-62.1242,-20.4573],[-61.5482,-19.6414],[-59.0639,-19.3289],[-58.1278,-19.815],[-57.7678,-20.6829],[-57.8038,-22.1585],[-55.6076,-22.4536],[-55.3555,-23.773],[-54.2034,-24.1202],[-54.5635,-25.752]]]]}},{"type":"Feature","properties":{"n":"Peru","p":3},"geometry":{"type":"MultiPolygon","coordinates":[[[[-79.4419,-5.8578],[-78.7219,-6.1182],[-78.0378,-4.8857],[-77.3177,-4.7468],[-74.6175,-5.1981],[-73.5734,-4.7815],[-73.0333,-2.8372],[-75.2295,-0.945],[-75.5176,-0.1465],[-74.4734,-0.5805],[-72.9613,-2.4553],[-70.9091,-2.3164],[-70.045,-2.8199],[-70.5851,-3.792],[-69.865,-4.1913],[-71.4491,-4.5211],[-72.7813,-5.1461],[-73.0693,-6.5175],[-73.8254,-7.5764],[-72.1692,-10.0068],[-70.5491,-9.5207],[-70.6211,-10.7359],[-69.577,-10.9095],[-68.6409,-12.576],[-68.8209,-14.1731],[-69.2529,-14.7459],[-69.0009,-16.6208],[-69.4329,-17.6103],[-70.369,-18.4609],[-71.6292,-17.2284],[-74.0414,-16.0479],[-76.2376,-14.1036],[-76.2376,-13.4961],[-79.0459,-8.2187],[-80.054,-6.7605],[-81.3141,-6.0488],[-80.8821,-5.5974],[-81.4221,-4.6774],[-80.234,-3.4795],[-80.27,-4.417],[-79.2979,-5.0072],[-79.4419,-5.8578]]]]}},{"type":"Feature","properties":{"n":"Philippines","p":3,"s":"United States"},"geometry":{"type":"MultiPolygon","coordinates":[[[[120.378,14.5224],[119.766,15.4772],[120.198,16.0501],[120.5581,18.4283],[122.0342,18.4457],[122.3942,17.109],[121.2421,15.3036],[121.7462,14.1058],[122.6823,14.262],[123.8344,12.9774],[122.5023,13.8801],[122.3942,13.3072],[121.6382,13.8975],[121.0261,13.6544],[120.378,14.5224]]],[[[121.0981,12.1962],[120.342,13.394],[121.3141,13.1336],[121.0981,12.1962]]],[[[125.3105,11.1199],[124.2664,12.4219],[125.2385,12.3004],[125.3105,11.1199]]],[[[121.8902,10.4603],[121.9982,11.7622],[122.8983,11.1546],[121.8902,10.4603]]],[[[118.8659,10.0263],[119.1899,11.1373],[119.55,10.495],[118.8659,10.0263]]],[[[122.9343,9.0541],[122.3942,9.4708],[122.9343,10.8595],[123.2943,10.738],[122.9343,9.0541]]],[[[117.2817,8.4465],[118.5059,9.9221],[118.5059,9.4881],[117.2817,8.4465]]],[[[126.0306,6.6064],[125.5986,7.2314],[125.5266,5.9467],[124.8065,5.7905],[123.9784,6.3287],[124.0864,7.2661],[123.4743,7.7869],[122.1062,7.7695],[123.4743,8.4986],[123.6544,8.0125],[125.4545,9.0541],[125.4185,9.7832],[126.2826,8.4292],[126.0306,6.6064]]]]}},{"type":"Feature","properties":{"n":"Poland","p":3},"geometry":{"type":"MultiPolygon","coordinates":[[[[26.9847,48.6862],[25.6886,49.207],[24.3204,48.5126],[24.0324,47.9571],[23.3123,48.7903],[21.5842,49.5021],[19.784,49.2417],[18.5599,49.4847],[18.3078,49.9534],[18.5599,50.4395],[17.5518,52.0887],[16.4356,52.2623],[16.2916,53.1476],[17.7318,53.6684],[18.3078,54.71],[19.3159,54.1545],[19.964,54.4322],[22.7003,54.4149],[23.5284,53.9114],[24.7885,53.9635],[24.9325,54.9704],[26.6247,55.1266],[26.5887,55.6648],[27.5968,55.7863],[27.4887,54.71],[26.7327,54.3454],[26.5887,53.0608],[27.0927,53.0435],[27.4887,50.8388],[26.9487,50.318],[26.9847,48.6862]]]]}},{"type":"Feature","properties":{"n":"Portugal","p":3},"geometry":{"type":"MultiPolygon","coordinates":[[[[-7.5068,37.2115],[-8.9829,36.9858],[-8.8389,38.4961],[-9.523,38.687],[-8.6949,40.9959],[-8.8029,41.8812],[-6.7147,41.968],[-6.1386,41.534],[-6.7867,41.1],[-6.8587,38.0968],[-7.5068,37.2115]]]]}},{"type":"Feature","properties":{"n":"Puerto Rico","p":3},"geometry":{"type":"MultiPolygon","coordinates":[[[[-66.9127,17.9423],[-67.0567,18.5498],[-65.9406,18.4804],[-66.9127,17.9423]]]]}},{"type":"Feature","properties":{"n":"Qatar","p":3},"geometry":{"type":"MultiPolygon","coordinates":[[[[51.2871,24.4174],[51.1071,24.4],[50.9631,24.4348],[51.0711,25.9451],[51.5752,25.6152],[51.2871,24.4174]]]]}},{"type":"Feature","properties":{"n":"Qatar","p":3,"s":"United Kingdom of Great Britain and Ireland"},"geometry":{"type":"MultiPolygon","coordinates":[[[[51.2871,24.4174],[51.1071,24.4],[50.9631,24.4348],[51.0711,25.9451],[51.5752,25.6152],[51.2871,24.4174]]]]}},{"type":"Feature","properties":{"n":"Rapa Nui","p":3,"s":"Chile"},"geometry":{"type":"MultiPolygon","coordinates":[[[[-109.2529,-27.1407],[-109.2529,-27.1407],[-109.2529,-27.1407],[-109.2529,-27.1407]]]]}},{"type":"Feature","properties":{"n":"Rio De Oro","p":3,"s":"Spain"},"geometry":{"type":"MultiPolygon","coordinates":[[[[-17.0117,21.31],[-15.7156,23.8793],[-14.8155,24.7299],[-14.6715,25.5979],[-11.8992,25.5805],[-12.0072,23.48],[-13.1233,22.7856],[-13.0153,21.2753],[-17.0117,21.31]]]]}},{"type":"Feature","properties":{"n":"Romania","p":3},"geometry":{"type":"MultiPolygon","coordinates":[[[[26.9847,48.6862],[28.8929,47.8182],[29.4329,46.8113],[30.441,46.169],[28.6769,44.4852],[28.0288,43.3915],[26.5887,44.2074],[25.3645,43.7734],[22.9523,43.8949],[22.7003,44.2595],[21.3321,44.8844],[20.324,46.1343],[21.3321,46.5336],[22.0522,47.5578],[23.3123,48.0265],[24.0324,47.9571],[24.3204,48.5126],[25.6886,49.207],[26.9847,48.6862]]]]}},{"type":"Feature","properties":{"n":"Rwanda (Belgium)","p":3,"s":"Belgium"},"geometry":{"type":"MultiPolygon","coordinates":[[[[28.8929,-2.7678],[29.541,-1.4311],[30.5851,-1.1533],[30.8731,-2.1081],[30.477,-2.49],[28.8929,-2.7678]]]]}},{"type":"Feature","properties":{"n":"Saint Barthelemy","p":3},"geometry":{"type":"MultiPolygon","coordinates":[[[[-63.1323,18.0638],[-63.0243,18.0638],[-63.1323,18.0638],[-63.1323,18.0638]]]]}},{"type":"Feature","properties":{"n":"Saint Kitts and Nevis","p":3},"geometry":{"type":"MultiPolygon","coordinates":[[[[-62.5563,17.0916],[-62.5563,17.0916],[-62.5563,17.0916],[-62.5563,17.0916]]],[[[-62.7003,17.3347],[-62.7003,17.3347],[-62.7003,17.3347],[-62.7003,17.3347]]]]}},{"type":"Feature","properties":{"n":"Saint Lucia","p":3},"geometry":{"type":"MultiPolygon","coordinates":[[[[-60.9721,13.7065],[-60.9721,13.7065],[-60.9721,13.7065],[-60.9721,13.7065]]]]}},{"type":"Feature","properties":{"n":"Saint Martin","p":3},"geometry":{"type":"MultiPolygon","coordinates":[[[[-63.0243,18.0638],[-63.1323,18.0638],[-63.0243,18.0638],[-63.0243,18.0638]]]]}},{"type":"Feature","properties":{"n":"Saint Vincent and the Grenadines","p":3},"geometry":{"type":"MultiPolygon","coordinates":[[[[-61.4041,12.5955],[-61.4041,12.5955],[-61.4041,12.5955],[-61.4041,12.5955]]],[[[-61.3321,12.6823],[-61.3321,12.6823],[-61.3321,12.6823],[-61.3321,12.6823]]],[[[-61.2241,12.9948],[-61.2241,12.9948],[-61.2241,12.9948],[-61.2241,12.9948]]],[[[-61.1881,13.1336],[-61.1881,13.1336],[-61.1881,13.1336],[-61.1881,13.1336]]]]}},{"type":"Feature","properties":{"n":"Saipan","p":3,"s":"Empire of Japan"},"geometry":{"type":"MultiPolygon","coordinates":[[[[145.6886,18.8102],[145.6886,18.8102],[145.6886,18.8102],[145.6886,18.8102]]],[[[145.8326,18.1332],[145.8326,18.1332],[145.8326,18.1332],[145.8326,18.1332]]],[[[145.7246,16.3625],[145.7246,16.3625],[145.7246,16.3625],[145.7246,16.3625]]],[[[145.6526,15.0606],[145.6526,15.0606],[145.6526,15.0606],[145.6526,15.0606]]],[[[145.1125,14.1405],[145.1125,14.1405],[145.1125,14.1405],[145.1125,14.1405]]],[[[145.7966,15.2689],[145.7966,15.2689],[145.7966,15.2689],[145.7966,15.2689]]]]}},{"type":"Feature","properties":{"n":"Samoa","p":3},"geometry":{"type":"MultiPolygon","coordinates":[[[[-171.4311,-14.0168],[-171.4311,-14.0168],[-171.4311,-14.0168],[-171.4311,-14.0168]]],[[[-172.2952,-13.4787],[-172.2952,-13.4787],[-172.2952,-13.4787],[-172.2952,-13.4787]]]]}},{"type":"Feature","properties":{"n":"Saudi Arabia","p":3},"geometry":{"type":"MultiPolygon","coordinates":[[[[38.3258,23.8272],[38.0018,24.1049],[35.4455,27.7331],[34.7615,28.0976],[35.0855,29.2087],[36.5257,29.417],[36.7057,29.6947],[37.9298,30.3718],[37.1017,31.3613],[39.3339,32.1424],[43.5464,30.285],[43.6184,29.4691],[44.6985,29.0351],[46.4986,28.9656],[47.2547,28.8615],[48.4428,28.4448],[48.8389,27.5248],[50.135,26.7436],[49.919,25.9624],[50.9631,24.4348],[51.1071,24.4],[51.9352,22.4905],[55.3555,22.0739],[55.7156,22.2995],[56.0396,21.2406],[51.7912,18.9838],[47.5068,17.5083],[46.4626,16.2584],[45.5626,15.0606],[43.8704,12.6649],[42.7903,15.4772],[42.7543,16.6403],[41.6382,18.0464],[40.7021,19.8692],[39.1539,21.2232],[39.1179,22.4037],[38.3258,23.8272]]]]}},{"type":"Feature","properties":{"n":"sem atribuição no upstream","p":3,"ss":true},"geometry":{"type":"MultiPolygon","coordinates":[[[[-73.1053,-72.7445],[-72.0252,-71.8245],[-74.3654,-72.2064],[-75.2655,-71.6682],[-72.0972,-71.0433],[-71.8092,-69.7413],[-72.3852,-69.2552],[-70.333,-68.9601],[-68.3888,-71.1301],[-68.6409,-72.0501],[-70.009,-72.6751],[-73.1053,-72.7445]]],[[[-102.5563,-72.1369],[-101.1521,-71.8245],[-97.2277,-71.8245],[-95.8956,-72.3626],[-97.1557,-72.6751],[-101.1521,-72.3626],[-102.5563,-72.1369]]],[[[-150.9451,-76.9455],[-150.9451,-76.9455],[-150.9451,-76.9455],[-150.9451,-76.9455]]],[[[-55.1755,-80.9383],[-53.8794,-79.9314],[-51.7192,-79.7752],[-50.8551,-78.6989],[-48.8389,-78.0739],[-45.7426,-78.0739],[-44.2304,-78.3864],[-43.9064,-79.7752],[-44.8425,-80.3133],[-50.171,-80.782],[-55.1755,-80.9383]]],[[[-164.0504,-79.3585],[-162.5743,-78.8204],[-160.7381,-79.0461],[-158.7939,-79.671],[-160.414,-79.9661],[-164.0504,-79.3585]]],[[[169.775,-83.4207],[172.5833,-83.8373],[179.1719,-84.1672],[180,-84.3408],[180,-90],[-180,-90],[-180,-84.3234],[-178.4158,-84.4623],[-173.8794,-84.4623],[-167.2187,-84.7574],[-160.486,-85.3823],[-156.5617,-85.4518],[-151.4491,-85.3129],[-150.369,-85.4518],[-148.7489,-85.0699],[-139.3159,-85.2261],[-138.8119,-85.0178],[-145.2925,-84.7574],[-151.9892,-84.3755],[-153.0693,-84.1498],[-153.2493,-83.2992],[-152.0972,-82.6048],[-154.5455,-82.1361],[-154.2574,-81.6847],[-156.9577,-81.3202],[-155.6976,-81.0598],[-148.8209,-81.3723],[-145.6526,-80.5216],[-148.6049,-79.671],[-151.7732,-79.2023],[-154.5455,-79.1329],[-155.8776,-78.7336],[-154.1494,-78.3517],[-156.0216,-78.3517],[-158.1818,-77.8135],[-158.0378,-77.2754],[-154.1854,-77.1191],[-150.009,-77.7267],[-147.9928,-77.3448],[-146.1566,-77.449],[-146.1206,-76.8588],[-147.1287,-76.5289],[-149.613,-76.338],[-148.5329,-76.0255],[-146.6607,-76.1123],[-144.5005,-75.7304],[-134.7795,-74.6367],[-133.5194,-74.793],[-128.9829,-74.9145],[-127.1107,-74.6888],[-123.5824,-74.8277],[-120.162,-74.5326],[-118.7939,-74.602],[-114.9775,-74.4458],[-114.1494,-73.925],[-113.4293,-74.6888],[-111.7372,-74.7235],[-111.7372,-74.2895],[-110.441,-74.2895],[-110.5491,-75.2964],[-109.1809,-75.1401],[-106.8047,-75.3832],[-105.6526,-75.0707],[-100.036,-75.3137],[-100.5761,-74.4631],[-101.5122,-74.5326],[-103.2403,-73.5604],[-101.4041,-73.7687],[-100.216,-73.4389],[-102.9523,-73.3695],[-103.6004,-72.7445],[-102.1602,-73.0917],[-99.784,-73.0049],[-96.5077,-73.3347],[-93.9874,-73.1785],[-89.991,-73.3347],[-89.2709,-72.7966],[-88.5509,-73.2479],[-86.3186,-73.2479],[-84.4104,-73.7861],[-81.7822,-74.0291],[-80.9901,-73.2479],[-79.766,-73.1785],[-78.5059,-73.7167],[-75.5896,-73.7514],[-71.4851,-73.3695],[-67.6328,-72.7445],[-67.0927,-71.8245],[-68.7849,-69.8107],[-67.0927,-68.6476],[-67.8488,-67.5713],[-67.7048,-66.877],[-66.8407,-66.8075],[-62.9163,-64.707],[-61.2961,-64.4813],[-60.216,-63.9432],[-59.1359,-63.8564],[-57.4437,-63.2488],[-57.2637,-63.7175],[-58.8839,-64.3251],[-59.82,-64.3251],[-61.1521,-64.8632],[-62.3762,-65.8007],[-62.7723,-66.6513],[-63.8524,-66.495],[-65.4005,-67.3457],[-65.1485,-68.4914],[-63.8524,-68.6476],[-61.6922,-70.8176],[-60.8281,-72.7445],[-61.3681,-73.9076],[-64.4644,-75.6783],[-69.2529,-76.3727],[-70.5491,-76.6852],[-75.9136,-76.4768],[-77.8218,-75.9908],[-78.6139,-76.6157],[-75.8056,-77.4663],[-73.5734,-77.4837],[-73.0333,-77.8309],[-74.5095,-78.0739],[-80.7021,-77.5705],[-81.6382,-77.6747],[-80.7741,-78.2302],[-78.2898,-78.317],[-77.7858,-78.6468],[-79.1539,-78.9245],[-82.0702,-78.7683],[-83.0783,-78.2302],[-84.0864,-78.6468],[-82.9343,-79.1676],[-80.234,-79.3238],[-77.9658,-79.0808],[-76.5977,-79.3933],[-76.4176,-79.862],[-78.8299,-80.0182],[-78.2898,-80.3133],[-76.6337,-80.2092],[-74.9055,-80.7126],[-67.9208,-81.4764],[-63.1323,-82.1014],[-60.216,-82.327],[-58.9559,-83.1777],[-57.5878,-83.0214],[-55.1755,-82.327],[-52.2592,-82.0146],[-43.8344,-81.7889],[-42.9703,-81.9451],[-41.8182,-81.407],[-38.0378,-80.9383],[-32.9253,-80.8688],[-28.9289,-80.4696],[-28.3888,-80.0876],[-29.577,-79.2197],[-32.8533,-79.3238],[-36.4176,-79.1676],[-36.4176,-78.6294],[-33.1773,-77.3795],[-30.225,-76.8414],[-23.5644,-75.9213],[-20.6481,-75.9213],[-18.4158,-75.6783],[-17.1557,-74.7582],[-14.4554,-74.0638],[-14.9955,-73.8382],[-17.0837,-73.9076],[-16.3996,-73.4389],[-14.5995,-73.1785],[-14.2754,-72.8487],[-11.8272,-72.3279],[-12.3312,-71.6682],[-11.1431,-71.5988],[-9.739,-71.0433],[-8.8389,-71.8245],[-7.7588,-71.6682],[-7.1827,-70.887],[-5.7426,-70.887],[-6.3186,-71.4252],[-4.8785,-71.2863],[-1.2421,-71.321],[-0.7741,-71.7029],[0.6661,-71.321],[9.4149,-70.0885],[11.1071,-70.8523],[12.6553,-70.3142],[17.5878,-70.0885],[19.532,-70.1579],[23.7084,-70.5919],[30.6571,-69.7413],[32.7453,-69.342],[33.5374,-68.5435],[36.5257,-69.6545],[38.3258,-70.0364],[39.4419,-69.7066],[39.658,-68.9254],[42.5743,-68.1095],[46.0306,-67.6929],[47.2907,-67.7797],[48.8389,-67.4325],[48.9829,-66.9811],[50.279,-67.1374],[49.991,-66.5818],[52.4392,-65.9916],[55.1395,-65.9569],[57.0837,-66.5298],[56.6157,-66.9464],[62.8083,-67.6061],[63.5644,-67.5366],[66.9847,-67.8491],[69.3609,-67.8491],[69.757,-68.6303],[68.9649,-69.8975],[67.5248,-70.4704],[69.0729,-70.5919],[67.3807,-71.7029],[68.2088,-72.3973],[69.541,-72.3973],[70.297,-72.0154],[72.5293,-70.2447],[75.4095,-69.4635],[76.8857,-69.3073],[78.2538,-68.3872],[81.8182,-67.2936],[85.5266,-66.9117],[87.2187,-66.9985],[88.2988,-66.0611],[88.6589,-66.7554],[89.991,-66.5992],[95.7156,-66.5298],[98.6679,-66.6339],[99.1359,-66.8943],[100.8641,-66.0784],[102.6283,-65.9222],[109.3969,-66.7034],[110.6211,-66.0611],[112.9973,-65.7659],[114.4374,-66.495],[115.6616,-66.4082],[118.2898,-67.0679],[122.4662,-66.6513],[125.1305,-66.7902],[126.4266,-66.3735],[126.7867,-66.877],[129.0189,-67.0332],[130.279,-66.252],[134.2034,-66.1826],[134.0234,-65.1931],[134.5995,-65.0195],[134.7075,-66.0784],[136.3276,-66.3909],[141.1521,-66.7207],[145.5806,-67.2241],[145.3285,-67.5713],[146.8767,-68.0053],[150.9091,-68.5435],[151.0891,-68.8907],[154.4374,-68.9428],[156.1656,-69.3073],[157.3177,-69.1511],[160.5941,-70.2274],[162.5023,-70.3142],[167.6508,-70.8697],[170.7471,-71.9113],[168.9109,-73.5431],[167.5788,-73.4736],[164.6265,-74.168],[165.2025,-74.6714],[163.4383,-74.7409],[162.3582,-75.1054],[162.8263,-75.6262],[162.3222,-76.9629],[163.5464,-77.7441],[166.7507,-78.5947],[163.6544,-78.6642],[159.838,-79.1676],[160.342,-79.3933],[158.1458,-80.3133],[159.586,-80.4348],[160.5941,-81.5285],[167.2907,-82.9867],[167.3627,-83.4381],[169.775,-83.4207]]]]}},{"type":"Feature","properties":{"n":"sem atribuição no upstream","p":3,"ss":true},"geometry":{"type":"MultiPolygon","coordinates":[[[[36.7057,29.6947],[37.9298,30.3718],[37.1017,31.3613],[39.3339,32.1424],[43.5464,30.285],[43.6184,29.4691],[44.6985,29.0351],[46.4986,28.9656],[47.2187,28.8615],[42.8983,26.4832],[42.8623,27.0387],[40.9901,27.9935],[39.55,27.6116],[39.1179,26.2054],[36.6697,29.6079],[36.7057,29.6947]]]]}},{"type":"Feature","properties":{"n":"sem atribuição no upstream","p":3,"ss":true},"geometry":{"type":"MultiPolygon","coordinates":[[[[-4.1584,53.2171],[-4.1584,53.2171],[-4.1584,53.2171],[-4.1584,53.2171]]]]}},{"type":"Feature","properties":{"n":"sem atribuição no upstream","p":3,"ss":true},"geometry":{"type":"MultiPolygon","coordinates":[[[[-5.0945,55.4391],[-5.0945,55.4391],[-5.0945,55.4391],[-5.0945,55.4391]]]]}},{"type":"Feature","properties":{"n":"sem atribuição no upstream","p":3,"ss":true},"geometry":{"type":"MultiPolygon","coordinates":[[[[-6.1386,55.8731],[-6.1386,55.8731],[-6.1386,55.8731],[-6.1386,55.8731]]]]}},{"type":"Feature","properties":{"n":"sem atribuição no upstream","p":3,"ss":true},"geometry":{"type":"MultiPolygon","coordinates":[[[[-5.9586,55.8384],[-5.9586,55.8384],[-5.9586,55.8384],[-5.9586,55.8384]]]]}},{"type":"Feature","properties":{"n":"sem atribuição no upstream","p":3,"ss":true},"geometry":{"type":"MultiPolygon","coordinates":[[[[-7.4707,56.9494],[-7.4707,56.9494],[-7.4707,56.9494],[-7.4707,56.9494]]]]}},{"type":"Feature","properties":{"n":"sem atribuição no upstream","p":3,"ss":true},"geometry":{"type":"MultiPolygon","coordinates":[[[[-7.2187,57.3313],[-7.2187,57.3313],[-7.2187,57.3313],[-7.2187,57.3313]]]]}},{"type":"Feature","properties":{"n":"sem atribuição no upstream","p":3,"ss":true},"geometry":{"type":"MultiPolygon","coordinates":[[[[-7.2547,57.4007],[-7.2547,57.4007],[-7.2547,57.4007],[-7.2547,57.4007]]]]}},{"type":"Feature","properties":{"n":"sem atribuição no upstream","p":3,"ss":true},"geometry":{"type":"MultiPolygon","coordinates":[[[[-7.1827,57.6958],[-7.1827,57.6958],[-7.1827,57.6958],[-7.1827,57.6958]]]]}},{"type":"Feature","properties":{"n":"sem atribuição no upstream","p":3,"ss":true},"geometry":{"type":"MultiPolygon","coordinates":[[[[-7.0027,57.8868],[-7.0027,57.8868],[-7.0027,57.8868],[-7.0027,57.8868]]]]}},{"type":"Feature","properties":{"n":"sem atribuição no upstream","p":3,"ss":true},"geometry":{"type":"MultiPolygon","coordinates":[[[[-6.7867,58.1993],[-6.7867,58.1993],[-6.7867,58.1993],[-6.7867,58.1993]]]]}},{"type":"Feature","properties":{"n":"sem atribuição no upstream","p":3,"ss":true},"geometry":{"type":"MultiPolygon","coordinates":[[[[-6.2106,58.3555],[-6.2106,58.3555],[-6.2106,58.3555],[-6.2106,58.3555]]]]}},{"type":"Feature","properties":{"n":"sem atribuição no upstream","p":3,"ss":true},"geometry":{"type":"MultiPolygon","coordinates":[[[[-2.9343,58.7374],[-2.9343,58.7374],[-2.9343,58.7374],[-2.9343,58.7374]]]]}},{"type":"Feature","properties":{"n":"sem atribuição no upstream","p":3,"ss":true},"geometry":{"type":"MultiPolygon","coordinates":[[[[-3.2223,58.7721],[-3.2223,58.7721],[-3.2223,58.7721],[-3.2223,58.7721]]]]}},{"type":"Feature","properties":{"n":"sem atribuição no upstream","p":3,"ss":true},"geometry":{"type":"MultiPolygon","coordinates":[[[[-2.7903,58.9457],[-2.7903,58.9457],[-2.7903,58.9457],[-2.7903,58.9457]]]]}},{"type":"Feature","properties":{"n":"sem atribuição no upstream","p":3,"ss":true},"geometry":{"type":"MultiPolygon","coordinates":[[[[-2.6823,59.1888],[-2.6823,59.1888],[-2.6823,59.1888],[-2.6823,59.1888]]]]}},{"type":"Feature","properties":{"n":"sem atribuição no upstream","p":3,"ss":true},"geometry":{"type":"MultiPolygon","coordinates":[[[[-2.8983,59.2929],[-2.8983,59.2929],[-2.8983,59.2929],[-2.8983,59.2929]]]]}},{"type":"Feature","properties":{"n":"sem atribuição no upstream","p":3,"ss":true},"geometry":{"type":"MultiPolygon","coordinates":[[[[-1.2781,60.4907],[-1.2781,60.4907],[-1.2781,60.4907],[-1.2781,60.4907]]]]}},{"type":"Feature","properties":{"n":"sem atribuição no upstream","p":3,"ss":true},"geometry":{"type":"MultiPolygon","coordinates":[[[[-1.0261,60.4907],[-1.0261,60.4907],[-1.0261,60.4907],[-1.0261,60.4907]]]]}},{"type":"Feature","properties":{"n":"sem atribuição no upstream","p":3,"ss":true},"geometry":{"type":"MultiPolygon","coordinates":[[[[-0.8101,60.6817],[-0.8101,60.6817],[-0.8101,60.6817],[-0.8101,60.6817]]]]}},{"type":"Feature","properties":{"n":"sem atribuição no upstream","p":3,"ss":true},"geometry":{"type":"MultiPolygon","coordinates":[[[[-6.6427,61.3934],[-6.6427,61.3934],[-6.6427,61.3934],[-6.6427,61.3934]]],[[[-6.6067,61.8274],[-6.6067,61.8274],[-6.6067,61.8274],[-6.6067,61.8274]]],[[[-7.0387,62.0705],[-7.0387,62.0705],[-7.0387,62.0705],[-7.0387,62.0705]]],[[[-6.7147,61.9316],[-6.7147,61.9316],[-6.7147,61.9316],[-6.7147,61.9316]]],[[[-6.6067,62.2267],[-6.6067,62.2267],[-6.6067,62.2267],[-6.6067,62.2267]]],[[[-6.6427,62.0878],[-6.6427,62.0878],[-6.6427,62.0878],[-6.6427,62.0878]]],[[[-6.4266,62.192],[-6.4266,62.192],[-6.4266,62.192],[-6.4266,62.192]]],[[[-6.5707,62.2614],[-6.5707,62.2614],[-6.5707,62.2614],[-6.5707,62.2614]]],[[[-6.3906,62.2788],[-6.3906,62.2788],[-6.3906,62.2788],[-6.3906,62.2788]]]]}},{"type":"Feature","properties":{"n":"sem atribuição no upstream","p":3,"ss":true},"geometry":{"type":"MultiPolygon","coordinates":[[[[-4.7705,54.0503],[-4.7705,54.0503],[-4.7705,54.0503],[-4.7705,54.0503]]]]}},{"type":"Feature","properties":{"n":"sem atribuição no upstream","p":3,"ss":true},"geometry":{"type":"MultiPolygon","coordinates":[[[[13.6634,54.5711],[13.6634,54.5711],[13.6634,54.5711],[13.6634,54.5711]]]]}},{"type":"Feature","properties":{"n":"sem atribuição no upstream","p":3,"ss":true},"geometry":{"type":"MultiPolygon","coordinates":[[[[23.2043,58.4423],[23.2043,58.4423],[23.2043,58.4423],[23.2043,58.4423]]]]}},{"type":"Feature","properties":{"n":"sem atribuição no upstream","p":3,"ss":true},"geometry":{"type":"MultiPolygon","coordinates":[[[[22.9523,58.8416],[22.9523,58.8416],[22.9523,58.8416],[22.9523,58.8416]]]]}},{"type":"Feature","properties":{"n":"sem atribuição no upstream","p":3,"ss":true},"geometry":{"type":"MultiPolygon","coordinates":[[[[20.108,60.0741],[20.108,60.0741],[20.108,60.0741],[20.108,60.0741]]]]}},{"type":"Feature","properties":{"n":"sem atribuição no upstream","p":3,"ss":true},"geometry":{"type":"MultiPolygon","coordinates":[[[[20.288,60.1262],[20.288,60.1262],[20.288,60.1262],[20.288,60.1262]]]]}},{"type":"Feature","properties":{"n":"sem atribuição no upstream","p":3,"ss":true},"geometry":{"type":"MultiPolygon","coordinates":[[[[19.568,60.2477],[19.568,60.2477],[19.568,60.2477],[19.568,60.2477]]]]}},{"type":"Feature","properties":{"n":"sem atribuição no upstream","p":3,"ss":true},"geometry":{"type":"MultiPolygon","coordinates":[[[[20.072,60.2998],[20.072,60.2998],[20.072,60.2998],[20.072,60.2998]]]]}},{"type":"Feature","properties":{"n":"sem atribuição no upstream","p":3,"ss":true},"geometry":{"type":"MultiPolygon","coordinates":[[[[20.432,60.2477],[20.432,60.2477],[20.432,60.2477],[20.432,60.2477]]]]}},{"type":"Feature","properties":{"n":"sem atribuição no upstream","p":3,"ss":true},"geometry":{"type":"MultiPolygon","coordinates":[[[[159.946,-19.1206],[159.946,-19.1206],[159.946,-19.1206],[159.946,-19.1206]]]]}},{"type":"Feature","properties":{"n":"sem atribuição no upstream","p":3,"ss":true},"geometry":{"type":"MultiPolygon","coordinates":[[[[154.1134,-11.4476],[154.1134,-11.4476],[154.1134,-11.4476],[154.1134,-11.4476]]]]}},{"type":"Feature","properties":{"n":"sem atribuição no upstream","p":3,"ss":true},"geometry":{"type":"MultiPolygon","coordinates":[[[[160.378,-11.7775],[160.378,-11.7775],[160.378,-11.7775],[160.378,-11.7775]]]]}},{"type":"Feature","properties":{"n":"sem atribuição no upstream","p":3,"ss":true},"geometry":{"type":"MultiPolygon","coordinates":[[[[162.0342,-10.4755],[162.0342,-10.4755],[162.0342,-10.4755],[162.0342,-10.4755]]]]}},{"type":"Feature","properties":{"n":"sem atribuição no upstream","p":3,"ss":true},"geometry":{"type":"MultiPolygon","coordinates":[[[[161.7462,-10.2151],[161.7462,-10.2151],[161.7462,-10.2151],[161.7462,-10.2151]]]]}},{"type":"Feature","properties":{"n":"sem atribuição no upstream","p":3,"ss":true},"geometry":{"type":"MultiPolygon","coordinates":[[[[161.9622,-9.6943],[161.9622,-9.6943],[161.9622,-9.6943],[161.9622,-9.6943]]]]}},{"type":"Feature","properties":{"n":"sem atribuição no upstream","p":3,"ss":true},"geometry":{"type":"MultiPolygon","coordinates":[[[[160.5941,-9.5554],[160.5941,-9.5554],[160.5941,-9.5554],[160.5941,-9.5554]]]]}},{"type":"Feature","properties":{"n":"sem atribuição no upstream","p":3,"ss":true},"geometry":{"type":"MultiPolygon","coordinates":[[[[161.3861,-9.6596],[161.3861,-9.6596],[161.3861,-9.6596],[161.3861,-9.6596]]]]}},{"type":"Feature","properties":{"n":"sem atribuição no upstream","p":3,"ss":true},"geometry":{"type":"MultiPolygon","coordinates":[[[[159.838,-9.1388],[159.838,-9.1388],[159.838,-9.1388],[159.838,-9.1388]]]]}},{"type":"Feature","properties":{"n":"sem atribuição no upstream","p":3,"ss":true},"geometry":{"type":"MultiPolygon","coordinates":[[[[160.234,-9.1909],[160.234,-9.1909],[160.234,-9.1909],[160.234,-9.1909]]]]}},{"type":"Feature","properties":{"n":"sem atribuição no upstream","p":3,"ss":true},"geometry":{"type":"MultiPolygon","coordinates":[[[[159.2259,-9.1214],[159.2259,-9.1214],[159.2259,-9.1214],[159.2259,-9.1214]]]]}},{"type":"Feature","properties":{"n":"sem atribuição no upstream","p":3,"ss":true},"geometry":{"type":"MultiPolygon","coordinates":[[[[160.126,-9.1041],[160.126,-9.1041],[160.126,-9.1041],[160.126,-9.1041]]]]}},{"type":"Feature","properties":{"n":"sem atribuição no upstream","p":3,"ss":true},"geometry":{"type":"MultiPolygon","coordinates":[[[[159.1899,-9.0346],[159.1899,-9.0346],[159.1899,-9.0346],[159.1899,-9.0346]]]]}},{"type":"Feature","properties":{"n":"sem atribuição no upstream","p":3,"ss":true},"geometry":{"type":"MultiPolygon","coordinates":[[[[160.126,-8.9652],[160.126,-8.9652],[160.126,-8.9652],[160.126,-8.9652]]]]}},{"type":"Feature","properties":{"n":"sem atribuição no upstream","p":3,"ss":true},"geometry":{"type":"MultiPolygon","coordinates":[[[[156.8497,-8.0972],[156.8497,-8.0972],[156.8497,-8.0972],[156.8497,-8.0972]]]]}},{"type":"Feature","properties":{"n":"sem atribuição no upstream","p":3,"ss":true},"geometry":{"type":"MultiPolygon","coordinates":[[[[156.5617,-7.941],[156.5617,-7.941],[156.5617,-7.941],[156.5617,-7.941]]]]}},{"type":"Feature","properties":{"n":"sem atribuição no upstream","p":3,"ss":true},"geometry":{"type":"MultiPolygon","coordinates":[[[[161.1701,-8.9652],[161.1701,-8.9652],[161.1701,-8.9652],[161.1701,-8.9652]]]]}},{"type":"Feature","properties":{"n":"sem atribuição no upstream","p":3,"ss":true},"geometry":{"type":"MultiPolygon","coordinates":[[[[158.2538,-8.809],[158.2538,-8.809],[158.2538,-8.809],[158.2538,-8.809]]]]}},{"type":"Feature","properties":{"n":"sem atribuição no upstream","p":3,"ss":true},"geometry":{"type":"MultiPolygon","coordinates":[[[[157.5338,-8.7742],[157.5338,-8.7742],[157.5338,-8.7742],[157.5338,-8.7742]]]]}},{"type":"Feature","properties":{"n":"sem atribuição no upstream","p":3,"ss":true},"geometry":{"type":"MultiPolygon","coordinates":[[[[158.0018,-8.5138],[158.0018,-8.5138],[158.0018,-8.5138],[158.0018,-8.5138]]]]}},{"type":"Feature","properties":{"n":"sem atribuição no upstream","p":3,"ss":true},"geometry":{"type":"MultiPolygon","coordinates":[[[[157.3177,-8.6527],[157.3177,-8.6527],[157.3177,-8.6527],[157.3177,-8.6527]]]]}},{"type":"Feature","properties":{"n":"sem atribuição no upstream","p":3,"ss":true},"geometry":{"type":"MultiPolygon","coordinates":[[[[159.586,-8.375],[159.586,-8.375],[159.586,-8.375],[159.586,-8.375]]]]}},{"type":"Feature","properties":{"n":"sem atribuição no upstream","p":3,"ss":true},"geometry":{"type":"MultiPolygon","coordinates":[[[[157.8938,-8.4791],[157.8938,-8.4791],[157.8938,-8.4791],[157.8938,-8.4791]]]]}},{"type":"Feature","properties":{"n":"sem atribuição no upstream","p":3,"ss":true},"geometry":{"type":"MultiPolygon","coordinates":[[[[157.1377,-8.2534],[157.1377,-8.2534],[157.1377,-8.2534],[157.1377,-8.2534]]]]}},{"type":"Feature","properties":{"n":"sem atribuição no upstream","p":3,"ss":true},"geometry":{"type":"MultiPolygon","coordinates":[[[[157.2097,-8.2014],[157.2097,-8.2014],[157.2097,-8.2014],[157.2097,-8.2014]]]]}},{"type":"Feature","properties":{"n":"sem atribuição no upstream","p":3,"ss":true},"geometry":{"type":"MultiPolygon","coordinates":[[[[159.802,-8.5312],[159.802,-8.5312],[159.802,-8.5312],[159.802,-8.5312]]]]}},{"type":"Feature","properties":{"n":"sem atribuição no upstream","p":3,"ss":true},"geometry":{"type":"MultiPolygon","coordinates":[[[[156.9937,-7.9062],[156.9937,-7.9062],[156.9937,-7.9062],[156.9937,-7.9062]]]]}},{"type":"Feature","properties":{"n":"sem atribuição no upstream","p":3,"ss":true},"geometry":{"type":"MultiPolygon","coordinates":[[[[158.4698,-7.5938],[158.4698,-7.5938],[158.4698,-7.5938],[158.4698,-7.5938]]]]}},{"type":"Feature","properties":{"n":"sem atribuição no upstream","p":3,"ss":true},"geometry":{"type":"MultiPolygon","coordinates":[[[[156.5257,-7.6111],[156.5257,-7.6111],[156.5257,-7.6111],[156.5257,-7.6111]]]]}},{"type":"Feature","properties":{"n":"sem atribuição no upstream","p":3,"ss":true},"geometry":{"type":"MultiPolygon","coordinates":[[[[155.5896,-7.3334],[155.5896,-7.3334],[155.5896,-7.3334],[155.5896,-7.3334]]]]}},{"type":"Feature","properties":{"n":"sem atribuição no upstream","p":3,"ss":true},"geometry":{"type":"MultiPolygon","coordinates":[[[[155.6616,-7.0903],[155.6616,-7.0903],[155.6616,-7.0903],[155.6616,-7.0903]]]]}},{"type":"Feature","properties":{"n":"sem atribuição no upstream","p":3,"ss":true},"geometry":{"type":"MultiPolygon","coordinates":[[[[157.5338,-7.3507],[157.5338,-7.3507],[157.5338,-7.3507],[157.5338,-7.3507]]]]}},{"type":"Feature","properties":{"n":"sem atribuição no upstream","p":3,"ss":true},"geometry":{"type":"MultiPolygon","coordinates":[[[[156.0936,-6.9168],[156.0936,-6.9168],[156.0936,-6.9168],[156.0936,-6.9168]]]]}},{"type":"Feature","properties":{"n":"sem atribuição no upstream","p":3,"ss":true},"geometry":{"type":"MultiPolygon","coordinates":[[[[155.4095,-5.9967],[155.3375,-6.7432],[154.7615,-5.5106],[155.4095,-5.9967]]]]}},{"type":"Feature","properties":{"n":"sem atribuição no upstream","p":3,"ss":true},"geometry":{"type":"MultiPolygon","coordinates":[[[[154.6175,-5.0245],[154.6175,-5.0245],[154.6175,-5.0245],[154.6175,-5.0245]]]]}},{"type":"Feature","properties":{"n":"sem atribuição no upstream","p":3,"ss":true},"geometry":{"type":"MultiPolygon","coordinates":[[[[158.4338,-7.5243],[158.4338,-7.5243],[158.4338,-7.5243],[158.4338,-7.5243]]]]}},{"type":"Feature","properties":{"n":"sem atribuição no upstream","p":3,"ss":true},"geometry":{"type":"MultiPolygon","coordinates":[[[[157.7858,-7.4028],[157.7858,-7.4028],[157.7858,-7.4028],[157.7858,-7.4028]]]]}},{"type":"Feature","properties":{"n":"sem atribuição no upstream","p":3,"ss":true},"geometry":{"type":"MultiPolygon","coordinates":[[[[154.7975,-3.4275],[154.7975,-3.4275],[154.7975,-3.4275],[154.7975,-3.4275]]]]}},{"type":"Feature","properties":{"n":"sem atribuição no upstream","p":3,"ss":true},"geometry":{"type":"MultiPolygon","coordinates":[[[[134.3834,7.1966],[134.3834,7.1966],[134.3834,7.1966],[134.3834,7.1966]]]]}},{"type":"Feature","properties":{"n":"sem atribuição no upstream","p":3,"ss":true},"geometry":{"type":"MultiPolygon","coordinates":[[[[134.4554,7.2487],[134.4554,7.2487],[134.4554,7.2487],[134.4554,7.2487]]]]}},{"type":"Feature","properties":{"n":"sem atribuição no upstream","p":3,"ss":true},"geometry":{"type":"MultiPolygon","coordinates":[[[[134.4554,7.3529],[134.4554,7.3529],[134.4554,7.3529],[134.4554,7.3529]]]]}},{"type":"Feature","properties":{"n":"sem atribuição no upstream","p":3,"ss":true},"geometry":{"type":"MultiPolygon","coordinates":[[[[163.0063,5.3739],[163.0063,5.3739],[163.0063,5.3739],[163.0063,5.3739]]]]}},{"type":"Feature","properties":{"n":"sem atribuição no upstream","p":3,"ss":true},"geometry":{"type":"MultiPolygon","coordinates":[[[[158.1818,6.971],[158.1818,6.971],[158.1818,6.971],[158.1818,6.971]]]]}},{"type":"Feature","properties":{"n":"sem atribuição no upstream","p":3,"ss":true},"geometry":{"type":"MultiPolygon","coordinates":[[[[151.6292,7.3355],[151.6292,7.3355],[151.6292,7.3355],[151.6292,7.3355]]]]}},{"type":"Feature","properties":{"n":"sem atribuição no upstream","p":3,"ss":true},"geometry":{"type":"MultiPolygon","coordinates":[[[[151.8452,7.4223],[151.8452,7.4223],[151.8452,7.4223],[151.8452,7.4223]]]]}},{"type":"Feature","properties":{"n":"sem atribuição no upstream","p":3,"ss":true},"geometry":{"type":"MultiPolygon","coordinates":[[[[134.6355,7.6306],[134.6355,7.6306],[134.6355,7.6306],[134.6355,7.6306]]]]}},{"type":"Feature","properties":{"n":"sem atribuição no upstream","p":3,"ss":true},"geometry":{"type":"MultiPolygon","coordinates":[[[[138.0558,9.436],[138.0558,9.436],[138.0558,9.436],[138.0558,9.436]]]]}},{"type":"Feature","properties":{"n":"sem atribuição no upstream","p":3,"ss":true},"geometry":{"type":"MultiPolygon","coordinates":[[[[166.6427,19.279],[166.6427,19.279],[166.6427,19.279],[166.6427,19.279]]]]}},{"type":"Feature","properties":{"n":"Siam","p":3},"geometry":{"type":"MultiPolygon","coordinates":[[[[102.0882,6.1551],[101.7642,5.5822],[100.144,6.346],[98.1638,8.6028],[98.5959,10.1131],[99.568,11.8837],[98.9919,13.8801],[98.1278,15.1821],[98.8119,16.3105],[97.8038,17.5777],[98.0198,19.7477],[100,20.4594],[100.5041,19.4352],[101.0801,19.5567],[100.9001,17.5951],[101.8722,18.1159],[102.6643,17.8381],[103.2403,18.4457],[103.9244,18.2721],[105.4725,15.1474],[105.0405,14.2447],[103.0963,14.2967],[102.3402,13.2378],[102.6643,12.04],[101.9082,12.5781],[100.8641,12.6823],[100.9001,13.4461],[99.928,13.2552],[99.892,12.0747],[99.1719,10.495],[99.3159,9.1583],[99.712,9.2624],[100.6121,6.971],[102.0882,6.1551]]]]}},{"type":"Feature","properties":{"n":"Sierra Leone","p":3,"s":"United Kingdom"},"geometry":{"type":"MultiPolygon","coordinates":[[[[-13.1593,8.8458],[-12.4032,9.8006],[-11.2871,9.9047],[-10.387,8.082],[-11.4671,6.8494],[-13.1953,8.3424],[-13.1593,8.8458]]]]}},{"type":"Feature","properties":{"n":"Southern Rhodesia","p":3,"s":"United Kingdom"},"geometry":{"type":"MultiPolygon","coordinates":[[[[30.405,-15.666],[32.8533,-16.777],[33.0333,-18.3741],[32.6733,-18.9643],[33.0693,-19.9191],[32.4212,-21.4294],[31.2691,-22.5578],[29.2169,-22.1932],[27.9568,-21.5856],[27.6328,-20.5614],[26.3726,-19.7629],[25.3285,-18.0096],[26.8767,-18.1137],[27.9928,-16.777],[29.0729,-16.0132],[30.405,-15.666]]]]}},{"type":"Feature","properties":{"n":"Spain","p":3},"geometry":{"type":"MultiPolygon","coordinates":[[[[1.2061,38.8953],[1.2061,38.8953],[1.2061,38.8953],[1.2061,38.8953]]],[[[3.3663,39.555],[3.3663,39.555],[3.3663,39.555],[3.3663,39.555]]],[[[4.0864,39.8848],[4.0864,39.8848],[4.0864,39.8848],[4.0864,39.8848]]],[[[1.3861,38.635],[1.3861,38.635],[1.3861,38.635],[1.3861,38.635]]],[[[-1.9262,43.3047],[-0.162,42.645],[1.4581,42.6103],[1.4581,42.6103],[1.7102,42.5062],[1.9262,42.4541],[3.0783,42.3673],[3.1143,41.8638],[0.8821,41.0132],[-0.378,39.4335],[0.162,38.7391],[-2.2502,36.7254],[-4.4464,36.7254],[-5.6706,36.0136],[-6.6427,37.0205],[-7.5068,37.2115],[-6.8587,38.0968],[-6.7867,41.1],[-6.1386,41.534],[-6.7147,41.968],[-8.8029,41.8812],[-9.2709,43.0443],[-7.6508,43.7213],[-5.9946,43.704],[-1.9262,43.3047]]],[[[-13.8074,29.0524],[-13.8794,28.2018],[-14.5275,28.0456],[-13.8074,29.0524]]],[[[-15.2115,27.9067],[-15.2115,27.9067],[-15.2115,27.9067],[-15.2115,27.9067]]],[[[-16.0756,28.5316],[-16.0756,28.5316],[-16.0756,28.5316],[-16.0756,28.5316]]]]}},{"type":"Feature","properties":{"n":"Spanish Sahara","p":3,"s":"Spain"},"geometry":{"type":"MultiPolygon","coordinates":[[[[-14.6715,25.5979],[-13.6274,26.5874],[-13.1233,27.5421],[-8.6589,27.5595],[-8.6229,27.1776],[-8.6949,25.9103],[-11.6472,25.9277],[-11.8992,25.5805],[-14.6715,25.5979]]]]}},{"type":"Feature","properties":{"n":"Sudan","p":3},"geometry":{"type":"MultiPolygon","coordinates":[[[[34.0054,4.0198],[33.2853,3.6379],[30.7291,3.499],[29.685,4.5233],[28.2088,4.1761],[27.2367,5.1656],[26.9487,5.8773],[25.2925,7.3355],[25.2925,7.7174],[23.5284,8.6028],[23.6364,9.6617],[22.8083,10.9116],[22.2682,12.6823],[21.7642,12.8038],[23.0243,15.6855],[23.9604,15.7029],[23.9604,19.4699],[23.9964,19.9907],[24.9685,20.0428],[24.9685,21.8829],[36.8137,21.9176],[37.1377,21.2232],[37.4977,18.8276],[38.6499,18.0638],[37.0297,16.9528],[36.4896,15.1994],[36.4896,14.262],[36.1296,12.7691],[35.4815,12.4566],[34.9415,10.8248],[34.3654,10.6686],[34.0414,8.4292],[33.1413,8.3424],[34.6175,6.6411],[35.8056,4.558],[34.4374,4.5233],[34.0054,4.0198]]]]}},{"type":"Feature","properties":{"n":"Suriname","p":3},"geometry":{"type":"MultiPolygon","coordinates":[[[[-56.7237,1.8846],[-57.2637,3.256],[-57.9838,3.9677],[-57.0477,5.8426],[-54.5635,5.9641],[-53.8434,5.6864],[-54.3834,4.6969],[-53.9874,3.3602],[-54.3834,2.2665],[-54.8515,2.4748],[-56.7237,1.8846]]]]}},{"type":"Feature","properties":{"n":"Swaziland","p":3,"s":"United Kingdom"},"geometry":{"type":"MultiPolygon","coordinates":[[[[32.0252,-26.0818],[32.1692,-27.0019],[31.3411,-27.4011],[30.8011,-26.7415],[31.3771,-25.8214],[32.0252,-26.0818]]]]}},{"type":"Feature","properties":{"n":"Sweden","p":3},"geometry":{"type":"MultiPolygon","coordinates":[[[[16.5797,56.3765],[16.5797,56.3765],[16.5797,56.3765],[16.5797,56.3765]]],[[[11.1791,59.0673],[12.4392,60.0394],[12.1872,60.9595],[12.7993,61.324],[12.0792,61.7059],[11.9352,62.5565],[12.5833,63.7891],[14.1674,64.1189],[13.7354,64.5529],[15.0315,66.0632],[16.2196,66.827],[17.0837,67.9033],[17.9118,67.8686],[18.1638,68.4762],[19.856,68.1637],[20.18,68.9622],[20.7921,68.9275],[23.4923,67.8339],[23.9604,65.8028],[22.6283,65.9417],[21.2601,65.2126],[21.3681,64.3793],[20.6841,63.8238],[17.8758,62.7822],[17.0477,61.5323],[17.1917,60.6817],[17.9478,60.5949],[19.0279,59.7096],[18.3798,59.154],[16.4356,58.6333],[16.6517,57.4354],[15.7876,56.0293],[14.6355,56.1161],[14.1314,55.3523],[12.7993,55.3523],[12.2952,56.8799],[11.2151,58.3034],[11.1791,59.0673]]],[[[18.1278,56.9147],[18.1278,57.5222],[18.9919,57.9042],[18.1278,56.9147]]],[[[19.2799,57.9389],[19.2799,57.9389],[19.2799,57.9389],[19.2799,57.9389]]]]}},{"type":"Feature","properties":{"n":"Switzerland","p":3},"geometry":{"type":"MultiPolygon","coordinates":[[[[10.387,46.8808],[8.8749,45.8739],[8.3708,46.2906],[6.9667,45.9434],[6.8587,46.3947],[6.9307,46.4121],[6.8947,46.4468],[6.8587,46.4468],[6.8227,46.4642],[6.7147,46.4815],[6.6787,46.4989],[6.6067,46.5162],[6.5707,46.4989],[6.3906,46.4642],[6.3906,46.4642],[6.2826,46.3947],[6.1746,46.2038],[6.3546,46.3426],[6.0666,46.6204],[7.5068,47.6099],[8.9829,47.6793],[9.523,47.4884],[10.387,46.8808]]],[[[9.1989,47.6793],[9.1269,47.6793],[9.1989,47.6793],[9.1989,47.6793]]]]}},{"type":"Feature","properties":{"n":"Syria (France)","p":3,"s":"France"},"geometry":{"type":"MultiPolygon","coordinates":[[[[37.8218,32.7153],[36.8497,32.264],[37.8218,32.7153],[37.8218,32.7153]]]]}},{"type":"Feature","properties":{"n":"Syria (France)","p":3,"s":"France"},"geometry":{"type":"MultiPolygon","coordinates":[[[[35.6976,32.7153],[35.6976,32.7153],[34.9775,32.941],[35.8776,34.4166],[36.0936,36.6212],[36.9217,38.7218],[39.3339,39.0689],[40.198,38.2704],[41.3501,37.8364],[44.1944,37.8711],[44.8065,37.1247],[42.9343,37.333],[41.2781,36.1872],[41.1341,34.4339],[38.7579,33.1667],[36.8497,32.264],[35.6976,32.7153]]]]}},{"type":"Feature","properties":{"n":"Tanzania, United Republic of","p":3,"s":"United Kingdom"},"geometry":{"type":"MultiPolygon","coordinates":[[[[30.5851,-1.1533],[33.2493,-1.136],[33.9334,-1.1186],[37.6058,-3.1671],[37.6418,-3.6879],[39.2259,-4.851],[38.9379,-6.3439],[39.55,-7.0383],[39.2619,-7.8021],[39.658,-9.7985],[40.45,-10.4755],[38.6139,-11.4303],[36.4176,-11.7601],[35.9496,-11.4303],[34.5095,-11.6039],[34.2574,-10.3192],[33.2133,-9.6596],[30.6571,-8.2882],[29.505,-6.4307],[29.3609,-4.7468],[29.901,-4.5906],[30.8371,-3.3059],[30.477,-2.49],[30.8731,-2.1081],[30.5851,-1.1533]]]]}},{"type":"Feature","properties":{"n":"Tibet","p":3},"geometry":{"type":"MultiPolygon","coordinates":[[[[93.6634,28.7052],[91.6112,27.6463],[89.847,28.2712],[88.8029,27.1776],[88.1908,27.872],[86.4626,27.9414],[85.1305,28.3407],[82.2142,30.094],[81.0261,30.2502],[78.9019,31.3265],[78.4338,32.5764],[79.55,32.698],[78.6139,33.4965],[78.7939,34.2082],[79.838,34.5034],[80.45,35.4234],[81.7102,35.2498],[82.5743,35.7533],[83.1503,35.3887],[86.1386,35.8574],[86.2466,36.1525],[88.5149,36.4997],[89.559,36.0657],[89.559,36.0657],[89.847,34.9026],[89.811,34.1909],[90.423,33.2361],[92.9433,32.698],[95.2835,32.4202],[95.5356,31.7432],[97.6958,32.5417],[98.9199,31.1009],[98.9559,28.9656],[98.7039,28.1844],[98.0198,28.0976],[96.2556,28.3928],[95.9316,29.3823],[94.1674,29.0351],[93.6634,28.7052]]]]}},{"type":"Feature","properties":{"n":"Togo","p":3},"geometry":{"type":"MultiPolygon","coordinates":[[[[0.054,11.0678],[0.9181,10.8942],[1.6022,9.0888],[1.7462,6.2592],[1.1701,6.0683],[0.5221,6.8147],[0.7381,8.2556],[-0.018,10.5644],[0.054,11.0678]]]]}},{"type":"Feature","properties":{"n":"Tonga","p":3},"geometry":{"type":"MultiPolygon","coordinates":[[[[-174.9595,-21.36],[-174.9595,-21.36],[-174.9595,-21.36],[-174.9595,-21.36]]],[[[-175.1395,-21.1343],[-175.1395,-21.1343],[-175.1395,-21.1343],[-175.1395,-21.1343]]],[[[-174.7795,-20.2316],[-174.7795,-20.2316],[-174.7795,-20.2316],[-174.7795,-20.2316]]],[[[-174.4194,-19.8844],[-174.4194,-19.8844],[-174.4194,-19.8844],[-174.4194,-19.8844]]],[[[-174.3474,-19.815],[-174.3474,-19.815],[-174.3474,-19.815],[-174.3474,-19.815]]],[[[-175.1035,-19.7802],[-175.1035,-19.7802],[-175.1035,-19.7802],[-175.1035,-19.7802]]],[[[-174.3114,-19.7455],[-174.3114,-19.7455],[-174.3114,-19.7455],[-174.3114,-19.7455]]],[[[-175.0315,-19.6934],[-175.0315,-19.6934],[-175.0315,-19.6934],[-175.0315,-19.6934]]],[[[-174.2754,-19.6414],[-174.2754,-19.6414],[-174.2754,-19.6414],[-174.2754,-19.6414]]],[[[-174.6715,-18.8255],[-174.6715,-18.8255],[-174.6715,-18.8255],[-174.6715,-18.8255]]],[[[-174.0954,-18.7039],[-174.0954,-18.7039],[-174.0954,-18.7039],[-174.0954,-18.7039]]],[[[-174.0234,-18.7213],[-174.0234,-18.7213],[-174.0234,-18.7213],[-174.0234,-18.7213]]],[[[-174.1314,-18.7039],[-174.1314,-18.7039],[-174.1314,-18.7039],[-174.1314,-18.7039]]],[[[-173.9874,-18.6866],[-173.9874,-18.6866],[-173.9874,-18.6866],[-173.9874,-18.6866]]],[[[-175.6436,-15.6313],[-175.6436,-15.6313],[-175.6436,-15.6313],[-175.6436,-15.6313]]]]}},{"type":"Feature","properties":{"n":"Trinidad","p":3},"geometry":{"type":"MultiPolygon","coordinates":[[[[-61.1161,10.8248],[-61.1161,10.8248],[-61.1161,10.8248],[-61.1161,10.8248]]]]}},{"type":"Feature","properties":{"n":"Trucial Oman","p":3},"geometry":{"type":"MultiPolygon","coordinates":[[[[51.1071,24.4],[51.2871,24.4174],[51.5752,24.0008],[54.3474,24.157],[56.1476,25.9624],[56.1476,25.4763],[56.3996,24.9208],[55.6436,23.7404],[55.7156,22.2995],[55.3555,22.0739],[51.9352,22.4905],[51.1071,24.4]]]]}},{"type":"Feature","properties":{"n":"Trucial Oman","p":3,"s":"United Kingdom of Great Britain and Ireland"},"geometry":{"type":"MultiPolygon","coordinates":[[[[51.1071,24.4],[51.2871,24.4174],[51.5752,24.0008],[54.3474,24.157],[56.1476,25.9624],[56.1476,25.4763],[56.3996,24.9208],[55.6436,23.7404],[55.7156,22.2995],[55.3555,22.0739],[51.9352,22.4905],[51.1071,24.4]]]]}},{"type":"Feature","properties":{"n":"Tunisia","p":3},"geometry":{"type":"MultiPolygon","coordinates":[[[[11.4671,33.1493],[11.4311,32.3334],[10.135,31.4828],[9.559,30.2155],[9.0189,31.8994],[7.8308,33.0625],[7.5788,34.0346],[8.2988,34.7638],[8.2628,36.3261],[8.6229,36.8816],[9.4149,37.2809],[10.279,36.7601],[11.1071,35.2325],[10.027,34.0867],[11.4671,33.1493]]]]}},{"type":"Feature","properties":{"n":"Turkey","p":3},"geometry":{"type":"MultiPolygon","coordinates":[[[[27.2007,37.3503],[28.3888,38.01],[28.3528,38.9301],[27.3807,39.6592],[26.9127,39.4682],[26.1566,39.4335],[26.7687,40.3709],[29.0369,40.3362],[29.1449,41.2215],[31.2331,41.0479],[32.4212,41.7423],[33.5734,41.9854],[35.9496,41.6902],[36.3816,41.2389],[38.8659,40.9785],[39.3339,39.0689],[36.9217,38.7218],[36.0936,36.6212],[34.4734,36.6212],[33.1773,35.9789],[31.3771,36.708],[30.477,36.1872],[29.2889,36.1699],[29.0009,36.6907],[28.0288,36.5344],[27.2007,37.3503]]],[[[26.0126,40.666],[26.3366,41.6382],[27.9208,41.9854],[29.0729,41.2042],[27.4887,40.9611],[26.6247,40.4056],[26.0126,40.666]]]]}},{"type":"Feature","properties":{"n":"Turks and Caicos Islands","p":3},"geometry":{"type":"MultiPolygon","coordinates":[[[[-71.1251,21.4315],[-71.1251,21.4315],[-71.1251,21.4315],[-71.1251,21.4315]]],[[[-72.4572,21.6225],[-72.4572,21.6225],[-72.4572,21.6225],[-72.4572,21.6225]]],[[[-71.4851,21.6572],[-71.4851,21.6572],[-71.4851,21.6572],[-71.4851,21.6572]]],[[[-71.6652,21.8308],[-71.6652,21.8308],[-71.6652,21.8308],[-71.6652,21.8308]]],[[[-72.2772,21.744],[-72.2772,21.744],[-72.2772,21.744],[-72.2772,21.744]]],[[[-71.8812,21.8482],[-71.8812,21.8482],[-71.8812,21.8482],[-71.8812,21.8482]]]]}},{"type":"Feature","properties":{"n":"Uganda","p":3,"s":"United Kingdom"},"geometry":{"type":"MultiPolygon","coordinates":[[[[29.541,-1.4311],[29.757,0.4437],[31.1611,1.7978],[30.7291,2.3707],[30.7291,3.499],[33.2853,3.6379],[34.0054,4.0198],[35.0495,1.6936],[33.8254,0.0792],[33.2493,-1.136],[30.5851,-1.1533],[29.541,-1.4311]]]]}},{"type":"Feature","properties":{"n":"Union of South Africa","p":3},"geometry":{"type":"MultiPolygon","coordinates":[[[[14.4554,-23.5299],[14.5275,-22.471],[12.0792,-18.4956],[11.7912,-17.3325],[13.3753,-17.0201],[14.0594,-17.4541],[18.2718,-17.4714],[19.0639,-17.888],[21.4761,-18.0269],[23.2403,-17.6624],[25.0045,-17.8186],[23.5644,-18.4609],[23.2763,-18.1137],[20.9361,-18.3915],[20.9361,-22.0544],[19.892,-22.1064],[19.856,-24.9361],[20.7561,-26.0992],[20.6121,-26.9151],[22.1602,-26.5505],[22.9523,-25.4395],[24.4644,-25.9082],[25.6166,-25.6304],[25.8686,-24.8666],[26.9487,-23.773],[29.2169,-22.1932],[31.2691,-22.5578],[31.9172,-24.3458],[32.0252,-26.0818],[31.3771,-25.8214],[30.8011,-26.7415],[31.3411,-27.4011],[32.1692,-27.0019],[32.8533,-26.9845],[32.2412,-28.7378],[31.5572,-29.2065],[30.405,-30.821],[28.9289,-32.2965],[26.6607,-33.8416],[24.4284,-34.3276],[22.6643,-34.102],[20.252,-34.6227],[19.892,-34.9873],[18.3078,-34.2408],[18.1638,-31.8105],[16.7957,-29.1371],[15.4635,-27.6094],[14.8515,-25.6304],[14.4554,-23.5299]],[[27.8488,-30.7863],[27.0567,-29.7968],[28.6049,-28.7205],[29.4329,-29.4322],[29.0009,-30.144],[27.8488,-30.7863]]]]}},{"type":"Feature","properties":{"n":"United Kingdom","p":3},"geometry":{"type":"MultiPolygon","coordinates":[[[[33.7894,35.2151],[32.6013,34.6075],[32.1332,35.0415],[34.4734,35.6491],[33.7894,35.2151]]],[[[-0.198,53.5295],[0.018,52.7831],[1.3861,52.8178],[1.4941,52.0192],[0.27,51.4464],[1.3501,51.3596],[0.198,50.7346],[-3.5104,50.6131],[-5.2745,49.9708],[-5.7786,50.127],[-4.2664,51.186],[-3.0783,51.186],[-4.9865,51.7068],[-4.3024,52.1928],[-3.9424,53.1997],[-2.8983,53.2691],[-3.1503,54.8315],[-5.0945,54.7968],[-4.6985,56.1335],[-5.5626,55.7516],[-5.2745,56.5501],[-6.0306,56.4807],[-5.0585,57.7479],[-5.3465,58.0951],[-3.1503,58.5291],[-4.1584,57.557],[-1.9622,57.4007],[-3.2943,55.9772],[-2.2502,55.8036],[-1.3861,54.6753],[-0.306,54.033],[-0.198,53.5295]]],[[[-5.7066,55.3349],[-5.7066,55.3349],[-5.7066,55.3349],[-5.7066,55.3349]]],[[[-6.2106,53.9635],[-8.1188,54.4496],[-7.4347,55.0572],[-6.0306,55.0919],[-5.6706,54.3281],[-6.2106,53.9635]]]]}},{"type":"Feature","properties":{"n":"United States","p":3},"geometry":{"type":"MultiPolygon","coordinates":[[[[-156.1296,20.7892],[-156.1296,20.7892],[-156.1296,20.7892],[-156.1296,20.7892]]],[[[-158.3258,21.5704],[-158.3258,21.5704],[-158.3258,21.5704],[-158.3258,21.5704]]],[[[-167.9748,53.4948],[-167.9748,53.4948],[-167.9748,53.4948],[-167.9748,53.4948]]],[[[-166.6427,53.5642],[-166.6427,53.5642],[-166.6427,53.5642],[-166.6427,53.5642]]],[[[-155.9136,20.2858],[-154.9055,19.5567],[-155.7696,18.9491],[-155.9136,20.2858]]],[[[-122.8983,49.0681],[-94.8155,49.0507],[-91.6832,48.0439],[-89.991,48.2522],[-89.631,47.9744],[-92.1152,46.7419],[-90.279,46.6204],[-88.2988,47.4016],[-88.4068,47.037],[-86.7507,46.4468],[-84.7345,46.4642],[-83.8344,46.1517],[-84.6265,45.7524],[-83.4383,45.2663],[-83.4023,44.3116],[-83.9064,43.7908],[-82.7543,43.9644],[-82.2862,43.0269],[-83.0423,42.0201],[-83.4383,41.7076],[-81.8182,41.4993],[-79.55,42.3846],[-79.0459,42.8533],[-79.1539,43.2179],[-76.9217,43.2353],[-76.1656,43.6172],[-76.1296,44.3289],[-74.7975,45.0059],[-71.5212,44.9539],[-70.5851,45.3011],[-69.0369,47.471],[-67.7048,47.037],[-67.2007,45.249],[-67.1647,44.7108],[-68.7849,44.624],[-69.937,43.9123],[-71.0531,42.3499],[-70.297,41.7597],[-72.8533,41.291],[-74.2934,40.6313],[-74.1494,39.7633],[-74.8695,38.9821],[-75.6256,39.6765],[-75.0495,38.4961],[-75.6616,37.9058],[-76.5257,38.7912],[-76.2736,37.0552],[-75.7336,35.8748],[-77.9658,33.9305],[-80.5941,32.4896],[-81.4941,30.719],[-80.5941,28.5664],[-80.054,26.5526],[-80.306,25.2507],[-81.0981,25.1292],[-82.8263,27.8373],[-82.6463,28.9136],[-83.8704,30.0419],[-85.3105,29.66],[-86.3906,30.4759],[-87.7588,30.2676],[-89.2349,30.4065],[-89.991,30.0419],[-89.0189,29.1219],[-91.2511,29.3128],[-93.4473,29.7642],[-95.6076,28.792],[-96.7237,28.7052],[-97.6238,26.8478],[-97.2637,25.8062],[-99.0999,26.4138],[-99.604,27.4727],[-101.0441,29.3302],[-102.4482,29.6947],[-103.6004,29.0524],[-104.5725,29.5732],[-105.1125,30.6148],[-106.5527,31.7085],[-108.2448,31.7258],[-108.3888,31.2745],[-111.0891,31.3092],[-114.8695,32.6285],[-117.1737,32.5244],[-117.4977,33.3229],[-118.6139,34.1041],[-120.5221,34.5034],[-120.6661,35.1977],[-121.9262,36.3435],[-121.9262,37.0031],[-123.7984,39.0342],[-124.3744,40.3362],[-124.1584,41.5861],[-124.6265,43.0096],[-123.9784,45.7698],[-124.6625,48.3911],[-122.3582,48.0786],[-122.8983,49.0681]],[[-87.6148,41.8812],[-87.9028,43.1832],[-87.3267,44.815],[-88.0108,44.5893],[-86.9667,45.8566],[-85.3825,46.0822],[-84.9505,45.4052],[-86.2106,44.7108],[-86.4986,43.9991],[-86.2826,42.4367],[-86.6787,41.8812],[-87.6148,41.8812]]],[[[-132.6193,55.9078],[-132.1872,54.8489],[-133.2673,55.6127],[-132.6193,55.9078]]],[[[-135.2475,57.4181],[-135.2475,57.4181],[-135.2475,57.4181],[-135.2475,57.4181]]],[[[-165.0225,54.5364],[-163.7264,55.0572],[-163.2223,54.7447],[-165.0225,54.5364]]],[[[-163.1863,55.0398],[-163.1863,55.0398],[-163.1863,55.0398],[-163.1863,55.0398]]],[[[-161.3141,55.8731],[-160.378,55.5606],[-162.5743,55.387],[-161.3141,55.8731]]],[[[-171.7552,63.7544],[-169.3429,63.3898],[-169.919,63.0773],[-171.7552,63.7544]]],[[[-154.6535,57.2271],[-153.3933,57.8],[-152.3852,57.5222],[-153.5014,57.0535],[-154.6535,57.2271]]],[[[-136.5797,57.9042],[-135.3195,58.0951],[-135.8236,57.4528],[-136.5797,57.9042]]],[[[-141.0441,69.5872],[-140.9001,64.7612],[-140.9001,60.3866],[-138.9919,60.2651],[-137.2277,58.8763],[-135.2475,59.6748],[-133.5194,58.4249],[-131.7192,56.6022],[-130.279,56.1161],[-129.991,55.2828],[-130.5311,54.9183],[-131.1791,56.0293],[-132.2592,55.8557],[-132.1152,56.3418],[-133.4113,57.2271],[-133.4833,57.8347],[-136.1476,58.911],[-137.0837,58.4423],[-140.144,59.7616],[-144.3924,60.0915],[-145.0045,60.5602],[-147.9568,61.2025],[-149.3249,60.022],[-151.3771,59.2061],[-151.7732,59.9873],[-151.1611,60.6643],[-149.3249,60.9247],[-150.7651,61.2893],[-152.8893,60.2824],[-152.8893,59.9005],[-154.2934,59.2408],[-153.4653,58.8763],[-154.6535,58.0778],[-156.6697,57.4007],[-156.4896,57.1056],[-160.162,55.8036],[-160.45,56.2029],[-157.6778,57.609],[-157.1377,58.8589],[-159.802,58.9457],[-161.9262,58.7201],[-162.3942,60.1609],[-164.0144,59.7964],[-165.1305,60.5428],[-163.5104,60.6991],[-165.8866,61.2719],[-166.1746,61.7406],[-164.3024,63.2509],[-163.2943,63.0426],[-161.1341,63.5634],[-161.2781,64.9695],[-163.0423,64.4487],[-166.5707,64.7265],[-165.6706,65.2473],[-168.1908,65.6986],[-164.4464,66.6013],[-163.8344,66.1847],[-162.2862,66.0632],[-160.018,66.5666],[-161.7822,66.7402],[-161.9262,67.0874],[-163.7264,67.2263],[-164.5185,67.7992],[-166.8587,68.4067],[-166.2826,68.8754],[-164.0504,69.0664],[-162.8623,70.0038],[-161.1701,70.4378],[-159.91,70.4205],[-160.234,70.8544],[-157.8218,70.976],[-156.9217,71.3405],[-156.1296,70.9239],[-152.9613,70.9412],[-152.1332,70.542],[-149.2889,70.542],[-145.2565,70.108],[-143.3123,70.1948],[-141.0441,69.5872]]],[[[-72.2772,41.1174],[-72.2772,41.1174],[-72.2772,41.1174],[-72.2772,41.1174]]]]}},{"type":"Feature","properties":{"n":"United States Virgin Islands","p":3},"geometry":{"type":"MultiPolygon","coordinates":[[[[-64.7525,17.7687],[-64.7525,17.7687],[-64.7525,17.7687],[-64.7525,17.7687]]],[[[-64.6805,18.3242],[-64.6805,18.3242],[-64.6805,18.3242],[-64.6805,18.3242]]],[[[-64.8245,18.3068],[-64.8245,18.3068],[-64.8245,18.3068],[-64.8245,18.3068]]]]}},{"type":"Feature","properties":{"n":"Uruguay","p":3},"geometry":{"type":"MultiPolygon","coordinates":[[[[-58.3438,-34.2235],[-58.1278,-32.1403],[-57.5878,-30.4043],[-56.7597,-30.2481],[-55.8596,-31.1682],[-53.8794,-32.0535],[-53.2313,-32.9389],[-53.4113,-33.8763],[-54.6355,-34.9179],[-56.3276,-34.9873],[-58.3438,-34.2235]]]]}},{"type":"Feature","properties":{"n":"USSR","p":3},"geometry":{"type":"MultiPolygon","coordinates":[[[[32.2052,69.6219],[33.6454,69.2226],[35.4455,69.1532],[37.2457,68.7887],[38.6859,68.1463],[40.8101,67.6603],[41.2421,66.9312],[39.1899,66.0458],[35.7696,66.2541],[32.2052,67.0006],[34.5455,65.9937],[34.2934,65.4035],[35.0855,64.2925],[36.2376,63.9106],[37.9298,63.8585],[37.8938,64.3099],[36.5617,64.7612],[36.8857,65.0737],[39.1899,64.5182],[40.306,64.4661],[39.946,65.5771],[42.2142,66.4104],[44.0144,66.0111],[44.3744,66.6187],[43.6904,67.261],[44.0144,68.4935],[45.8506,68.3894],[46.6427,67.695],[44.8785,67.3131],[46.3906,66.7229],[47.5788,66.8097],[48.0828,67.5561],[52.2592,68.5456],[53.8794,68.7887],[53.6274,68.0422],[55.3195,68.4762],[57.0117,68.4415],[58.7759,68.8581],[59.748,68.3026],[60.9721,68.997],[61.0441,69.7434],[63.9244,69.4657],[66.5887,68.8928],[68.2088,68.1984],[69.1089,68.8234],[68.1008,69.431],[66.8767,69.6219],[67.4167,70.2295],[66.8047,71.0975],[68.3168,71.6356],[69.3609,72.8334],[72.7093,72.764],[71.8092,71.4273],[72.6733,70.8197],[72.5293,69.0664],[73.3933,68.3894],[72.8533,67.6429],[70.8371,66.5493],[69.0729,66.6881],[69.757,66.3236],[72.2052,66.1673],[74.7255,67.6776],[74.5095,68.5977],[76.3456,68.7713],[77.0297,68.4588],[76.9577,67.6603],[77.9658,68.1463],[77.3897,68.9275],[75.5896,69.2053],[73.8974,69.1532],[73.6454,69.7608],[74.2574,70.5767],[73.2133,71.462],[74.9055,72.0349],[75.6256,72.6251],[75.3015,71.4447],[75.6616,71.2016],[78.6139,70.8544],[78.1458,71.3752],[76.3456,71.7224],[78.1098,71.8439],[79.2259,72.2779],[81.6742,71.5662],[82.0342,70.4205],[83.5464,71.6183],[82.3222,72.2259],[80.9901,72.4515],[80.8461,73.5452],[87.6868,73.8924],[86.9667,74.7777],[89.991,75.5936],[93.5914,75.8887],[94.7075,76.1839],[95.9676,75.9061],[98.7039,76.0797],[101.4041,76.6179],[101.1521,76.9998],[103.3843,77.5553],[105.0765,77.5726],[104.5005,76.9998],[107.1647,76.9477],[106.4086,76.4269],[109.649,76.6873],[111.4131,76.5658],[113.5374,76.0971],[113.6094,75.2812],[108.3528,73.6841],[106.1926,73.2501],[106.5167,73.0591],[109.973,73.441],[110.5491,74.0313],[111.7732,73.6494],[118.4698,73.5278],[118.5059,73.0418],[122.8983,72.7466],[124.2304,73.7014],[125.7066,73.4063],[127.7228,73.4063],[128.5149,72.955],[126.2106,72.3821],[128.4428,71.7572],[130.171,70.8197],[131.0711,70.6809],[132.2952,71.653],[134.2394,71.2537],[135.4995,71.5141],[137.6238,71.0801],[138.6679,71.6183],[139.748,71.41],[139.856,72.2432],[141.2961,72.7814],[145.6166,72.4342],[145.1125,71.5836],[146.9127,72.2085],[149.721,71.896],[148.7129,71.6356],[150.6931,71.3405],[152.1332,70.6635],[156.0576,70.9933],[158.3978,70.8197],[159.622,70.2121],[159.4419,69.7608],[160.6661,69.5698],[160.8461,69.0838],[161.9622,69.5351],[164.0504,69.6566],[166.3186,69.3789],[167.3267,69.6566],[169.3789,68.7192],[170.8191,68.9275],[170.459,70.0212],[173.0153,69.6914],[175.6076,69.7782],[177.6958,69.483],[180,68.9275],[180,64.9522],[178.7399,64.605],[177.1197,64.9348],[175.8956,64.5529],[178.1638,64.1536],[178.3438,63.4592],[179.2799,62.8169],[178.7399,62.2961],[176.8317,62.6781],[176.5437,62.3829],[173.4833,61.6018],[170.351,60.2824],[169.883,59.8832],[169.1629,60.4387],[167.1107,60.2651],[166.0306,59.7096],[165.7786,60.3519],[164.5905,59.6575],[163.4023,59.8137],[162.8983,58.8937],[161.8182,58.0951],[163.1143,57.557],[162.5023,57.0362],[163.1143,56.5675],[161.4941,55.2828],[161.9982,54.7447],[159.946,54.085],[159.91,53.2344],[158.4698,52.8178],[157.8938,51.672],[156.7057,50.9603],[155.4815,54.9183],[155.6256,56.2723],[156.7777,57.5743],[158.3258,58.0257],[161.8182,60.2651],[163.3303,60.6991],[164.0144,62.1225],[165.2745,62.2961],[164.1224,62.5392],[163.0063,62.3309],[162.7543,61.6018],[160.6301,60.7164],[159.73,61.0983],[160.162,61.6538],[157.1017,61.6365],[154.3294,59.9873],[153.9334,59.5707],[154.9055,59.102],[152.2052,58.9284],[151.1251,59.4318],[149.0369,59.588],[147.9208,59.2582],[142.8443,59.2756],[140.5761,58.234],[137.2277,55.9772],[134.9955,54.8489],[135.1035,54.4322],[136.5077,54.4496],[136.3636,53.7031],[137.9838,53.4601],[138.4158,54.085],[139.3879,54.085],[141.1161,53.0435],[141.2601,52.106],[140.324,50.5263],[140.072,48.4952],[139.2079,47.8182],[137.7318,45.9954],[136.0396,44.3984],[134.1314,42.9922],[132.9433,42.6624],[131.5752,43.2179],[130.423,42.2805],[131.1431,43.2179],[130.9991,44.815],[131.7552,45.2663],[132.7633,44.9886],[133.3753,45.6482],[134.1674,47.3321],[134.7075,47.6967],[134.0954,48.2522],[132.2592,47.7835],[130.9271,47.7314],[130.459,48.8945],[127.5068,49.8666],[126.1746,52.5227],[125.5266,53.165],[123.3663,53.5122],[121.1701,53.3212],[119.946,52.5921],[120.7381,52.0019],[119.1539,50.5957],[119.2979,50.127],[117.4977,49.5889],[116.7777,49.9361],[115.7336,49.8666],[114.1134,50.2659],[112.5293,49.4674],[109.4329,49.2938],[106.3366,50.4221],[103.6724,50.1618],[102.6283,50.4569],[102.1242,51.3596],[98.9199,52.0366],[97.9118,51.0992],[98.2358,50.2486],[97.4077,49.7798],[94.7075,50.0229],[94.2034,50.5437],[92.1512,50.752],[89.991,50.3006],[89.811,49.8146],[87.8668,49.2243],[86.7867,48.9987],[85.5986,48.096],[85.4905,47.0891],[83.2583,47.2974],[82.4302,45.735],[80.234,45.1275],[80.7741,43.3741],[80.126,42.0027],[78.3978,41.2215],[77.0297,41.1174],[76.4896,40.4404],[75.4455,40.614],[73.8254,39.7807],[73.8614,38.5482],[74.5815,38.5829],[74.7255,37.2115],[73.0333,37.333],[71.8452,36.708],[71.4491,37.8364],[70.7291,38.3572],[70.009,37.4545],[67.8488,36.8469],[67.5248,37.2115],[65.7246,37.4892],[64.8245,37.142],[64.5365,36.3435],[63.1323,35.788],[62.6643,35.2672],[61.2241,35.5797],[61.0081,36.6386],[60.36,36.6039],[59.2439,37.4545],[57.2277,38.1836],[55.3555,38.0447],[54.0234,37.3503],[54.0594,38.8953],[52.9793,39.9369],[53.2673,40.7702],[54.4194,40.666],[54.7435,41.1347],[53.9874,42.1069],[52.5113,42.0722],[52.8353,42.645],[52.0792,42.836],[50.351,44.5719],[51.5752,44.5546],[51.5032,45.3705],[52.8353,45.5094],[53.1953,46.8634],[51.3591,47.0891],[47.6868,45.7524],[46.8587,44.4504],[47.5788,43.8428],[47.5788,43.0096],[49.811,40.5792],[48.8389,38.3051],[48.0108,38.8433],[47.8668,39.7112],[46.4626,38.8433],[45.4185,39.0342],[42.8623,41.5514],[41.4941,41.4299],[41.4221,42.7839],[38.9379,44.2074],[37.4617,44.6935],[36.9577,45.2316],[38.4698,46.0822],[37.7498,46.603],[39.1539,47.2627],[35.2295,46.6377],[33.8254,46.1864],[35.0495,45.3358],[36.5257,45.3879],[34.0054,44.4852],[33.3933,45.249],[32.4932,45.4399],[33.6454,45.926],[32.2052,46.169],[31.7732,46.7072],[30.441,46.169],[29.4329,46.8113],[28.8929,47.8182],[26.9847,48.6862],[26.9487,50.318],[27.4887,50.8388],[27.0927,53.0435],[26.5887,53.0608],[26.7327,54.3454],[27.4887,54.71],[27.5968,55.7863],[28.1728,56.255],[27.3447,57.5222],[27.7768,57.8694],[27.3807,58.7895],[28.0288,59.4665],[29.685,60.1262],[28.6769,60.1609],[32.8173,61.6018],[30.009,63.6155],[30.369,64.1189],[29.613,64.9695],[30.009,65.716],[29.0369,66.8791],[29.937,67.5388],[29.0729,67.9901],[32.2052,69.6219]]],[[[143.7444,50.0229],[142.0882,50.0055],[142.1602,50.8909],[141.6562,51.8109],[141.7642,53.2691],[142.6643,53.5469],[143.1323,52.5053],[142.9523,51.62],[143.7444,50.0229]]],[[[56.2556,73.5105],[54.0234,73.7361],[55.8956,74.1007],[57.0117,75.2812],[59.0279,75.8019],[65.9406,76.5137],[66.4446,76.8262],[68.4608,76.9303],[68.5689,76.3922],[66.5527,75.9755],[60.468,75.1596],[60,74.6736],[58.8479,74.6909],[56.9757,73.3542],[56.2556,73.5105]]]]}},{"type":"Feature","properties":{"n":"Venezuela","p":3},"geometry":{"type":"MultiPolygon","coordinates":[[[[-60.5401,5.0093],[-61.6202,4.2108],[-63.2763,3.8636],[-64.6085,4.0372],[-63.9604,2.4922],[-63.2043,2.1797],[-65.3645,0.5653],[-66.8407,1.0166],[-67.1647,2.0755],[-67.7768,2.822],[-67.2367,3.3428],[-67.9208,5.1482],[-67.4887,6.2071],[-69.2889,5.9988],[-70.5491,7.0578],[-71.8092,6.971],[-72.3492,8.3077],[-73.3213,9.193],[-72.0612,11.7275],[-71.1971,11.9185],[-71.9892,11.606],[-71.7012,10.7727],[-72.0972,9.9047],[-71.5932,9.0888],[-71.0531,9.384],[-71.5572,10.9463],[-69.757,11.5365],[-68.6769,11.3803],[-67.9928,10.5471],[-66.4806,10.6859],[-64.8965,10.1304],[-64.0684,10.6338],[-62.7003,10.7554],[-62.3762,10.0089],[-60.7921,9.384],[-61.7642,8.5854],[-59.82,8.4465],[-60.5761,7.5612],[-60.216,6.9536],[-61.0081,6.6758],[-61.2601,5.8773],[-60.5401,5.0093]]]]}},{"type":"Feature","properties":{"n":"Walbis Bay","p":3,"s":"United Kingdom"},"geometry":{"type":"MultiPolygon","coordinates":[[[[14.5275,-22.471],[14.4554,-23.5299],[14.5275,-22.471],[14.5275,-22.471]]]]}},{"type":"Feature","properties":{"n":"Wallis and Futuna Islands","p":3},"geometry":{"type":"MultiPolygon","coordinates":[[[[-178.0558,-14.312],[-178.0558,-14.312],[-178.0558,-14.312],[-178.0558,-14.312]]],[[[-176.1476,-13.3572],[-176.1476,-13.3572],[-176.1476,-13.3572],[-176.1476,-13.3572]]]]}},{"type":"Feature","properties":{"n":"Xinjiang","p":3},"geometry":{"type":"MultiPolygon","coordinates":[[[[96.3276,42.7839],[96.1116,42.0027],[94.1674,41.3951],[93.7354,40.614],[93.0153,40.5792],[92.4032,38.9995],[90.099,38.4787],[91.3591,37.0899],[90.8191,36.8122],[91.2511,36.1178],[89.559,36.0657],[88.5149,36.4997],[86.2466,36.1525],[86.1386,35.8574],[83.1503,35.3887],[82.5743,35.7533],[81.7102,35.2498],[80.45,35.4234],[79.838,34.5034],[78.7939,34.2082],[78.1458,34.5554],[77.8578,35.4755],[75.7696,36.0484],[75.6256,36.7775],[74.5095,37.0031],[74.7255,37.2115],[74.5815,38.5829],[73.8614,38.5482],[73.8254,39.7807],[75.4455,40.614],[76.4896,40.4404],[77.0297,41.1174],[78.3978,41.2215],[80.126,42.0027],[80.7741,43.3741],[80.234,45.1275],[82.4302,45.735],[83.2583,47.2974],[85.4905,47.0891],[85.5986,48.096],[86.7867,48.9987],[87.8668,49.2243],[88.2268,48.5299],[89.991,47.8529],[89.991,46.8461],[91.1431,46.5509],[89.991,46.0128],[89.991,45.3358],[93.5194,44.9365],[95.2475,44.2768],[96.3276,42.7839]]]]}},{"type":"Feature","properties":{"n":"Yemen","p":3},"geometry":{"type":"MultiPolygon","coordinates":[[[[53.0153,16.6576],[52.1512,15.6855],[49.3429,14.6266],[46.6067,13.394],[43.8704,12.6649],[45.5626,15.0606],[45.7786,15.3383],[46.4626,16.2584],[47.5068,17.5083],[51.7912,18.9838],[53.0153,16.6576]]]]}},{"type":"Feature","properties":{"n":"Yemen (UK)","p":3,"s":"United Kingdom"},"geometry":{"type":"MultiPolygon","coordinates":[[[[53.0153,16.6576],[52.1512,15.6855],[49.3429,14.6266],[46.6067,13.394],[43.8704,12.6649],[45.5626,15.0606],[46.4626,16.2584],[47.5068,17.5083],[51.7912,18.9838],[53.0153,16.6576]]]]}},{"type":"Feature","properties":{"n":"Yugoslavia","p":3},"geometry":{"type":"MultiPolygon","coordinates":[[[[14.5275,45.2663],[14.1314,46.4294],[16.2556,46.8808],[17.8038,45.8045],[20.324,46.1343],[21.3321,44.8844],[22.7003,44.2595],[22.3042,43.6866],[22.9163,43.1832],[22.3402,42.2978],[22.9163,41.2389],[21.0441,40.7355],[20.5761,41.9333],[19.568,42.5409],[19.3519,41.8465],[16.9757,43.3221],[15.3915,43.9644],[15.4635,44.2248],[14.5275,45.2663]]]]}}]}
